Address,Word
0000,ff
0001,ff
0002,ff
0003,ff
0004,ff
0005,ff
0006,ff
0007,ff
0008,ff
0009,ff
000A,ff
000B,ff
000C,ff
000D,ff
000E,ff
000F,ff
0010,ff
0011,ff
0012,ff
0013,ff
0014,ff
0015,ff
0016,ff
0017,ff
0018,ff
0019,ff
001A,ff
001B,ff
001C,ff
001D,ff
001E,ff
001F,ff
0020,ff
0021,ff
0022,ff
0023,ff
0024,ff
0025,ff
0026,ff
0027,ff
0028,ff
0029,ff
002A,ff
002B,ff
002C,ff
002D,ff
002E,ff
002F,ff
0030,ff
0031,ff
0032,ff
0033,ff
0034,ff
0035,ff
0036,ff
0037,ff
0038,ff
0039,ff
003A,ff
003B,ff
003C,ff
003D,ff
003E,ff
003F,ff
0040,ff
0041,ff
0042,ff
0043,ff
0044,ff
0045,ff
0046,ff
0047,ff
0048,ff
0049,ff
004A,ff
004B,ff
004C,ff
004D,ff
004E,ff
004F,ff
0050,ff
0051,ff
0052,ff
0053,ff
0054,ff
0055,ff
0056,ff
0057,ff
0058,ff
0059,ff
005A,ff
005B,ff
005C,ff
005D,ff
005E,ff
005F,ff
0060,ff
0061,ff
0062,ff
0063,ff
0064,ff
0065,ff
0066,ff
0067,ff
0068,ff
0069,ff
006A,ff
006B,ff
006C,ff
006D,ff
006E,ff
006F,ff
0070,ff
0071,ff
0072,ff
0073,ff
0074,ff
0075,ff
0076,ff
0077,ff
0078,ff
0079,ff
007A,ff
007B,ff
007C,ff
007D,ff
007E,ff
007F,ff
0080,ff
0081,ff
0082,ff
0083,ff
0084,ff
0085,ff
0086,ff
0087,ff
0088,ff
0089,ff
008A,ff
008B,ff
008C,ff
008D,ff
008E,ff
008F,ff
0090,ff
0091,ff
0092,ff
0093,ff
0094,ff
0095,ff
0096,ff
0097,ff
0098,ff
0099,ff
009A,ff
009B,ff
009C,ff
009D,ff
009E,ff
009F,ff
00A0,ff
00A1,ff
00A2,ff
00A3,ff
00A4,ff
00A5,ff
00A6,ff
00A7,ff
00A8,ff
00A9,ff
00AA,ff
00AB,ff
00AC,ff
00AD,ff
00AE,ff
00AF,ff
00B0,ff
00B1,ff
00B2,ff
00B3,ff
00B4,ff
00B5,ff
00B6,ff
00B7,ff
00B8,ff
00B9,ff
00BA,ff
00BB,ff
00BC,ff
00BD,ff
00BE,ff
00BF,ff
00C0,ff
00C1,ff
00C2,ff
00C3,ff
00C4,ff
00C5,ff
00C6,ff
00C7,ff
00C8,ff
00C9,ff
00CA,ff
00CB,ff
00CC,ff
00CD,ff
00CE,ff
00CF,ff
00D0,ff
00D1,ff
00D2,ff
00D3,ff
00D4,ff
00D5,ff
00D6,ff
00D7,ff
00D8,ff
00D9,ff
00DA,ff
00DB,ff
00DC,ff
00DD,ff
00DE,ff
00DF,ff
00E0,ff
00E1,ff
00E2,ff
00E3,ff
00E4,ff
00E5,ff
00E6,ff
00E7,ff
00E8,ff
00E9,ff
00EA,ff
00EB,ff
00EC,ff
00ED,ff
00EE,ff
00EF,ff
00F0,ff
00F1,ff
00F2,ff
00F3,ff
00F4,ff
00F5,ff
00F6,ff
00F7,ff
00F8,ff
00F9,ff
00FA,ff
00FB,ff
00FC,ff
00FD,ff
00FE,ff
00FF,ff
0100,ff
0101,ff
0102,ff
0103,ff
0104,ff
0105,ff
0106,ff
0107,ff
0108,ff
0109,ff
010A,ff
010B,ff
010C,ff
010D,ff
010E,ff
010F,ff
0110,ff
0111,ff
0112,ff
0113,ff
0114,ff
0115,ff
0116,ff
0117,ff
0118,ff
0119,ff
011A,ff
011B,ff
011C,ff
011D,ff
011E,ff
011F,ff
0120,ff
0121,ff
0122,ff
0123,ff
0124,ff
0125,ff
0126,ff
0127,ff
0128,ff
0129,ff
012A,ff
012B,ff
012C,ff
012D,ff
012E,ff
012F,ff
0130,ff
0131,ff
0132,ff
0133,ff
0134,ff
0135,ff
0136,8f
0137,ff
0138,ff
0139,ff
013A,ff
013B,ff
013C,ff
013D,ff
013E,ff
013F,ff
0140,ff
0141,ff
0142,ff
0143,ff
0144,ff
0145,ff
0146,ff
0147,ff
0148,ff
0149,ff
014A,ff
014B,ff
014C,ff
014D,ff
014E,ff
014F,ff
0150,ff
0151,ff
0152,ff
0153,ff
0154,ff
0155,fe
0156,0f
0157,ff
0158,ff
0159,ff
015A,ff
015B,ff
015C,ff
015D,ff
015E,ff
015F,ff
0160,ff
0161,ff
0162,ff
0163,ff
0164,ff
0165,ff
0166,ff
0167,ff
0168,ff
0169,ff
016A,ff
016B,ff
016C,ff
016D,ff
016E,ff
016F,ff
0170,ff
0171,ff
0172,ff
0173,ff
0174,ff
0175,fc
0176,07
0177,ff
0178,ff
0179,ff
017A,ff
017B,ff
017C,ff
017D,ff
017E,ff
017F,ff
0180,ff
0181,ff
0182,ff
0183,ff
0184,ff
0185,ff
0186,ff
0187,ff
0188,ff
0189,ff
018A,ff
018B,ff
018C,ff
018D,ff
018E,ff
018F,ff
0190,ff
0191,ff
0192,ff
0193,ff
0194,ff
0195,f0
0196,07
0197,ff
0198,ff
0199,ff
019A,ff
019B,ff
019C,ff
019D,ff
019E,ff
019F,ff
01A0,ff
01A1,ff
01A2,ff
01A3,ff
01A4,ff
01A5,ff
01A6,ff
01A7,ff
01A8,ff
01A9,ff
01AA,ff
01AB,ff
01AC,ff
01AD,ff
01AE,ff
01AF,ff
01B0,ff
01B1,ff
01B2,ff
01B3,ff
01B4,ff
01B5,e0
01B6,03
01B7,ff
01B8,ff
01B9,ff
01BA,ff
01BB,ff
01BC,ff
01BD,ff
01BE,ff
01BF,ff
01C0,ff
01C1,ff
01C2,ff
01C3,ff
01C4,ff
01C5,ff
01C6,ff
01C7,ff
01C8,ff
01C9,ff
01CA,ff
01CB,ff
01CC,ff
01CD,ff
01CE,ff
01CF,ff
01D0,ff
01D1,ff
01D2,ff
01D3,ff
01D4,ff
01D5,c0
01D6,03
01D7,ff
01D8,ff
01D9,ff
01DA,ff
01DB,ff
01DC,ff
01DD,ff
01DE,ff
01DF,ff
01E0,ff
01E1,ff
01E2,ff
01E3,ff
01E4,ff
01E5,ff
01E6,ff
01E7,ff
01E8,ff
01E9,ff
01EA,ff
01EB,ff
01EC,ff
01ED,ff
01EE,ff
01EF,ff
01F0,ff
01F1,ff
01F2,ff
01F3,ff
01F4,ff
01F5,81
01F6,81
01F7,ff
01F8,ff
01F9,ff
01FA,ff
01FB,ff
01FC,ff
01FD,ff
01FE,ff
01FF,ff
0200,ff
0201,ff
0202,ff
0203,ff
0204,ff
0205,ff
0206,ff
0207,ff
0208,ff
0209,ff
020A,ff
020B,ff
020C,ff
020D,ff
020E,ff
020F,ff
0210,ff
0211,ff
0212,ff
0213,ff
0214,ff
0215,07
0216,81
0217,ff
0218,ff
0219,ff
021A,ff
021B,ff
021C,ff
021D,ff
021E,ff
021F,ff
0220,ff
0221,ff
0222,ff
0223,ff
0224,ff
0225,ff
0226,ff
0227,ff
0228,ff
0229,ff
022A,ff
022B,ff
022C,ff
022D,ff
022E,ff
022F,ff
0230,ff
0231,ff
0232,ff
0233,ff
0234,fe
0235,0f
0236,c0
0237,ff
0238,ff
0239,ff
023A,ff
023B,ff
023C,ff
023D,ff
023E,ff
023F,ff
0240,ff
0241,ff
0242,ff
0243,ff
0244,ff
0245,ff
0246,ff
0247,ff
0248,ff
0249,ff
024A,ff
024B,ff
024C,ff
024D,ff
024E,ff
024F,ff
0250,ff
0251,ff
0252,ff
0253,ff
0254,fe
0255,1f
0256,e0
0257,ff
0258,ff
0259,ff
025A,ff
025B,ff
025C,ff
025D,ff
025E,ff
025F,ff
0260,ff
0261,ff
0262,ff
0263,ff
0264,ff
0265,ff
0266,ff
0267,ff
0268,ff
0269,ff
026A,ff
026B,ff
026C,ff
026D,ff
026E,ff
026F,ff
0270,ff
0271,ff
0272,ff
0273,ff
0274,fc
0275,3f
0276,e0
0277,7f
0278,ff
0279,ff
027A,ff
027B,ff
027C,ff
027D,ff
027E,ff
027F,ff
0280,ff
0281,ff
0282,ff
0283,ff
0284,ff
0285,ff
0286,ff
0287,ff
0288,ff
0289,ff
028A,ff
028B,ff
028C,ff
028D,ff
028E,ff
028F,ff
0290,ff
0291,ff
0292,ff
0293,ff
0294,f8
0295,7f
0296,f0
0297,3f
0298,ff
0299,ff
029A,ff
029B,ff
029C,ff
029D,ff
029E,ff
029F,ff
02A0,ff
02A1,ff
02A2,ff
02A3,ff
02A4,ff
02A5,ff
02A6,ff
02A7,ff
02A8,ff
02A9,ff
02AA,ff
02AB,ff
02AC,ff
02AD,ff
02AE,ff
02AF,ff
02B0,ff
02B1,ff
02B2,ff
02B3,ff
02B4,f8
02B5,7f
02B6,f8
02B7,3f
02B8,ff
02B9,ff
02BA,ff
02BB,ff
02BC,ff
02BD,ff
02BE,ff
02BF,ff
02C0,ff
02C1,ff
02C2,ff
02C3,ff
02C4,ff
02C5,ff
02C6,ff
02C7,ff
02C8,ff
02C9,ff
02CA,ff
02CB,ff
02CC,ff
02CD,ff
02CE,ff
02CF,ff
02D0,ff
02D1,ff
02D2,ff
02D3,ff
02D4,f0
02D5,7f
02D6,f8
02D7,1f
02D8,ff
02D9,ff
02DA,ff
02DB,ff
02DC,ff
02DD,ff
02DE,ff
02DF,ff
02E0,ff
02E1,ff
02E2,ff
02E3,ff
02E4,ff
02E5,ff
02E6,ff
02E7,ff
02E8,ff
02E9,ff
02EA,ff
02EB,ff
02EC,ff
02ED,ff
02EE,ff
02EF,ff
02F0,ff
02F1,ff
02F2,ff
02F3,ff
02F4,f0
02F5,ff
02F6,fc
02F7,0f
02F8,ff
02F9,ff
02FA,ff
02FB,ff
02FC,ff
02FD,ff
02FE,ff
02FF,ff
0300,ff
0301,ff
0302,ff
0303,ff
0304,ff
0305,ff
0306,ff
0307,ff
0308,ff
0309,ff
030A,ff
030B,ff
030C,ff
030D,ff
030E,ff
030F,ff
0310,ff
0311,ff
0312,ff
0313,ff
0314,f0
0315,ff
0316,fe
0317,0f
0318,ff
0319,ff
031A,ff
031B,ff
031C,ff
031D,ff
031E,ff
031F,ff
0320,ff
0321,ff
0322,ff
0323,ff
0324,ff
0325,ff
0326,ff
0327,ff
0328,ff
0329,ff
032A,ff
032B,ff
032C,ff
032D,ff
032E,ff
032F,ff
0330,ff
0331,ff
0332,ff
0333,ff
0334,e0
0335,f7
0336,ff
0337,07
0338,ff
0339,ff
033A,ff
033B,ff
033C,ff
033D,ff
033E,ff
033F,ff
0340,ff
0341,ff
0342,ff
0343,ff
0344,ff
0345,ff
0346,ff
0347,ff
0348,ff
0349,ff
034A,ff
034B,ff
034C,ff
034D,ff
034E,ff
034F,ff
0350,ff
0351,ff
0352,ff
0353,ff
0354,e0
0355,f7
0356,ff
0357,83
0358,ff
0359,ff
035A,ff
035B,ff
035C,ff
035D,ff
035E,ff
035F,ff
0360,ff
0361,ff
0362,ff
0363,ff
0364,ff
0365,ff
0366,ff
0367,ff
0368,ff
0369,ff
036A,ff
036B,ff
036C,ff
036D,ff
036E,ff
036F,ff
0370,ff
0371,ff
0372,ff
0373,ff
0374,e0
0375,e7
0376,ff
0377,c1
0378,ff
0379,ff
037A,ff
037B,ff
037C,ff
037D,ff
037E,ff
037F,ff
0380,ff
0381,ff
0382,ff
0383,ff
0384,ff
0385,ff
0386,ff
0387,ff
0388,ff
0389,ff
038A,ff
038B,fe
038C,3f
038D,ff
038E,ff
038F,ff
0390,ff
0391,ff
0392,ff
0393,ff
0394,e0
0395,cf
0396,ff
0397,c0
0398,ff
0399,ff
039A,ff
039B,ff
039C,ff
039D,ff
039E,ff
039F,ff
03A0,ff
03A1,ff
03A2,ff
03A3,ff
03A4,ff
03A5,ff
03A6,ff
03A7,ff
03A8,ff
03A9,ff
03AA,ff
03AB,fc
03AC,07
03AD,ff
03AE,ff
03AF,ff
03B0,ff
03B1,ff
03B2,ff
03B3,ff
03B4,e0
03B5,cc
03B6,ff
03B7,c0
03B8,7f
03B9,ff
03BA,ff
03BB,ff
03BC,ff
03BD,ff
03BE,ff
03BF,ff
03C0,ff
03C1,ff
03C2,ff
03C3,ff
03C4,ff
03C5,ff
03C6,ff
03C7,ff
03C8,ff
03C9,ff
03CA,ff
03CB,fc
03CC,00
03CD,ff
03CE,ff
03CF,ff
03D0,ff
03D1,ff
03D2,ff
03D3,ff
03D4,e0
03D5,8c
03D6,ff
03D7,c0
03D8,3f
03D9,ff
03DA,ff
03DB,ff
03DC,ff
03DD,ff
03DE,ff
03DF,ff
03E0,ff
03E1,ff
03E2,ff
03E3,ff
03E4,ff
03E5,ff
03E6,ff
03E7,ff
03E8,ff
03E9,ff
03EA,ff
03EB,fc
03EC,e0
03ED,1f
03EE,ff
03EF,ff
03F0,ff
03F1,ff
03F2,ff
03F3,ff
03F4,e0
03F5,1c
03F6,ff
03F7,80
03F8,3f
03F9,ff
03FA,ff
03FB,ff
03FC,ff
03FD,ff
03FE,ff
03FF,ff
0400,ff
0401,ff
0402,ff
0403,ff
0404,ff
0405,ff
0406,ff
0407,ff
0408,ff
0409,ff
040A,ff
040B,fc
040C,fc
040D,03
040E,ff
040F,ff
0410,ff
0411,ff
0412,ff
0413,ff
0414,e0
0415,18
0416,ff
0417,80
0418,1f
0419,ff
041A,ff
041B,ff
041C,ff
041D,ff
041E,ff
041F,ff
0420,ff
0421,ff
0422,ff
0423,ff
0424,ff
0425,ff
0426,ff
0427,ff
0428,ff
0429,ff
042A,f1
042B,fc
042C,47
042D,03
042E,ff
042F,ff
0430,ff
0431,ff
0432,ff
0433,ff
0434,f0
0435,19
0436,ff
0437,00
0438,0f
0439,ff
043A,ff
043B,ff
043C,ff
043D,ff
043E,ff
043F,ff
0440,ff
0441,ff
0442,ff
0443,ff
0444,ff
0445,ff
0446,ff
0447,ff
0448,ff
0449,ff
044A,80
044B,3c
044C,01
044D,c7
044E,ff
044F,ff
0450,ff
0451,ff
0452,ff
0453,ff
0454,fc
0455,01
0456,fe
0457,00
0458,07
0459,ff
045A,ff
045B,ff
045C,ff
045D,ff
045E,ff
045F,ff
0460,ff
0461,ff
0462,ff
0463,ff
0464,ff
0465,ff
0466,ff
0467,ff
0468,ff
0469,fc
046A,00
046B,00
046C,01
046D,8f
046E,ff
046F,ff
0470,ff
0471,ff
0472,ff
0473,ff
0474,fe
0475,00
0476,1c
0477,00
0478,07
0479,ff
047A,ff
047B,ff
047C,ff
047D,ff
047E,ff
047F,ff
0480,ff
0481,ff
0482,ff
0483,ff
0484,ff
0485,ff
0486,ff
0487,ff
0488,ff
0489,e0
048A,00
048B,00
048C,00
048D,1f
048E,ff
048F,ff
0490,ff
0491,ff
0492,ff
0493,ff
0494,ff
0495,c0
0496,00
0497,00
0498,03
0499,ff
049A,ff
049B,ff
049C,ff
049D,ff
049E,ff
049F,ff
04A0,ff
04A1,ff
04A2,ff
04A3,ff
04A4,ff
04A5,ff
04A6,ff
04A7,ff
04A8,ff
04A9,00
04AA,00
04AB,00
04AC,00
04AD,1f
04AE,ff
04AF,ff
04B0,ff
04B1,ff
04B2,ff
04B3,ff
04B4,ff
04B5,f8
04B6,00
04B7,00
04B8,03
04B9,ff
04BA,ff
04BB,ff
04BC,ff
04BD,ff
04BE,ff
04BF,ff
04C0,ff
04C1,ff
04C2,ff
04C3,ff
04C4,ff
04C5,ff
04C6,ff
04C7,ff
04C8,f8
04C9,00
04CA,00
04CB,00
04CC,00
04CD,3f
04CE,ff
04CF,ff
04D0,ff
04D1,ff
04D2,ff
04D3,ff
04D4,ff
04D5,fe
04D6,00
04D7,00
04D8,01
04D9,ff
04DA,ff
04DB,ff
04DC,ff
04DD,ff
04DE,ff
04DF,ff
04E0,ff
04E1,ff
04E2,ff
04E3,ff
04E4,ff
04E5,ff
04E6,ff
04E7,ff
04E8,c0
04E9,00
04EA,00
04EB,00
04EC,00
04ED,3f
04EE,ff
04EF,ff
04F0,ff
04F1,ff
04F2,ff
04F3,ff
04F4,ff
04F5,ff
04F6,80
04F7,00
04F8,01
04F9,ff
04FA,ff
04FB,ff
04FC,ff
04FD,ff
04FE,ff
04FF,ff
0500,ff
0501,ff
0502,ff
0503,ff
0504,ff
0505,ff
0506,ff
0507,ff
0508,00
0509,00
050A,00
050B,00
050C,00
050D,0f
050E,ff
050F,ff
0510,ff
0511,ff
0512,ff
0513,ff
0514,ff
0515,ff
0516,e0
0517,00
0518,01
0519,ff
051A,ff
051B,ff
051C,ff
051D,ff
051E,ff
051F,ff
0520,ff
0521,ff
0522,ff
0523,ff
0524,ff
0525,ff
0526,ff
0527,ff
0528,00
0529,00
052A,00
052B,00
052C,00
052D,01
052E,ff
052F,ff
0530,ff
0531,ff
0532,ff
0533,ff
0534,ff
0535,ff
0536,e0
0537,00
0538,00
0539,ff
053A,ff
053B,ff
053C,ff
053D,ff
053E,ff
053F,ff
0540,ff
0541,ff
0542,ff
0543,ff
0544,ff
0545,ff
0546,ff
0547,fe
0548,00
0549,00
054A,00
054B,00
054C,00
054D,01
054E,ff
054F,ff
0550,ff
0551,ff
0552,ff
0553,ff
0554,ff
0555,ff
0556,f0
0557,00
0558,00
0559,ff
055A,ff
055B,ff
055C,ff
055D,ff
055E,ff
055F,ff
0560,ff
0561,ff
0562,ff
0563,ff
0564,ff
0565,ff
0566,ff
0567,3e
0568,00
0569,00
056A,00
056B,00
056C,00
056D,01
056E,ff
056F,ff
0570,ff
0571,ff
0572,ff
0573,ff
0574,ff
0575,ff
0576,f8
0577,00
0578,00
0579,ff
057A,ff
057B,ff
057C,ff
057D,ff
057E,ff
057F,ff
0580,ff
0581,ff
0582,ff
0583,ff
0584,ff
0585,ff
0586,fe
0587,1e
0588,00
0589,00
058A,00
058B,00
058C,00
058D,01
058E,ff
058F,ff
0590,ff
0591,ff
0592,ff
0593,ff
0594,ff
0595,ff
0596,f8
0597,1c
0598,00
0599,ff
059A,ff
059B,ff
059C,ff
059D,ff
059E,ff
059F,ff
05A0,ff
05A1,ff
05A2,ff
05A3,ff
05A4,ff
05A5,ff
05A6,fc
05A7,0c
05A8,00
05A9,00
05AA,00
05AB,00
05AC,00
05AD,01
05AE,ff
05AF,ff
05B0,ff
05B1,ff
05B2,ff
05B3,ff
05B4,ff
05B5,ff
05B6,fc
05B7,1c
05B8,00
05B9,ff
05BA,ff
05BB,ff
05BC,ff
05BD,ff
05BE,ff
05BF,ff
05C0,ff
05C1,ff
05C2,ff
05C3,ff
05C4,ff
05C5,ff
05C6,f8
05C7,04
05C8,00
05C9,00
05CA,00
05CB,00
05CC,00
05CD,01
05CE,ff
05CF,ff
05D0,ff
05D1,ff
05D2,ff
05D3,ff
05D4,ff
05D5,ff
05D6,fc
05D7,1e
05D8,00
05D9,7f
05DA,ff
05DB,ff
05DC,ff
05DD,ff
05DE,ff
05DF,ff
05E0,ff
05E1,ff
05E2,ff
05E3,ff
05E4,ff
05E5,ff
05E6,f0
05E7,c0
05E8,00
05E9,00
05EA,00
05EB,18
05EC,00
05ED,01
05EE,ff
05EF,ff
05F0,ff
05F1,ff
05F2,ff
05F3,ff
05F4,ff
05F5,ff
05F6,fc
05F7,1e
05F8,00
05F9,7f
05FA,ff
05FB,ff
05FC,ff
05FD,ff
05FE,ff
05FF,ff
0600,ff
0601,ff
0602,ff
0603,ff
0604,ff
0605,ff
0606,e1
0607,e0
0608,00
0609,0f
060A,e0
060B,20
060C,e0
060D,01
060E,ff
060F,ff
0610,ff
0611,ff
0612,ff
0613,ff
0614,ff
0615,ff
0616,fc
0617,1e
0618,00
0619,7f
061A,ff
061B,ff
061C,ff
061D,ff
061E,ff
061F,ff
0620,ff
0621,ff
0622,ff
0623,ff
0624,ff
0625,ff
0626,c3
0627,f0
0628,00
0629,30
062A,00
062B,c4
062C,70
062D,01
062E,ff
062F,ff
0630,ff
0631,ff
0632,ff
0633,ff
0634,ff
0635,ff
0636,fc
0637,1e
0638,00
0639,7f
063A,ff
063B,ff
063C,ff
063D,ff
063E,ff
063F,ff
0640,ff
0641,ff
0642,ff
0643,ff
0644,ff
0645,ff
0646,c7
0647,18
0648,00
0649,e0
064A,00
064B,dc
064C,38
064D,03
064E,ff
064F,ff
0650,80
0651,7f
0652,ff
0653,ff
0654,ff
0655,ff
0656,fc
0657,1e
0658,00
0659,7f
065A,ff
065B,ff
065C,ff
065D,ff
065E,ff
065F,ff
0660,ff
0661,ff
0662,ff
0663,ff
0664,ff
0665,ff
0666,8e
0667,04
0668,01
0669,c0
066A,e0
066B,d8
066C,38
066D,01
066E,ff
066F,f8
0670,3f
0671,ff
0672,ff
0673,ff
0674,ff
0675,ff
0676,fc
0677,1c
0678,00
0679,ff
067A,ff
067B,ff
067C,ff
067D,ff
067E,ff
067F,ff
0680,ff
0681,ff
0682,ff
0683,ff
0684,ff
0685,ff
0686,1c
0687,00
0688,01
0689,08
068A,f0
068B,40
068C,00
068D,00
068E,0f
068F,e3
0690,ff
0691,ff
0692,ff
0693,ff
0694,ff
0695,ff
0696,fc
0697,1c
0698,00
0699,ff
069A,ff
069B,ff
069C,ff
069D,ff
069E,ff
069F,ff
06A0,ff
06A1,ff
06A2,ff
06A3,ff
06A4,ff
06A5,fe
06A6,38
06A7,00
06A8,00
06A9,28
06AA,70
06AB,00
06AC,00
06AD,00
06AE,07
06AF,9f
06B0,ff
06B1,ff
06B2,ff
06B3,ff
06B4,ff
06B5,ff
06B6,fc
06B7,3c
06B8,00
06B9,ff
06BA,ff
06BB,ff
06BC,ff
06BD,ff
06BE,ff
06BF,ff
06C0,ff
06C1,ff
06C2,ff
06C3,ff
06C4,ff
06C5,ff
06C6,10
06C7,00
06C8,00
06C9,00
06CA,40
06CB,01
06CC,ff
06CD,81
06CE,c0
06CF,7f
06D0,ff
06D1,ff
06D2,ff
06D3,ff
06D4,ff
06D5,ff
06D6,fc
06D7,38
06D8,00
06D9,ff
06DA,ff
06DB,ff
06DC,ff
06DD,ff
06DE,ff
06DF,ff
06E0,ff
06E1,ff
06E2,ff
06E3,ff
06E4,ff
06E5,ff
06E6,00
06E7,00
06E8,00
06E9,00
06EA,00
06EB,1f
06EC,ff
06ED,81
06EE,f0
06EF,ff
06F0,ff
06F1,ff
06F2,ff
06F3,ff
06F4,ff
06F5,ff
06F6,fc
06F7,38
06F8,00
06F9,ff
06FA,ff
06FB,ff
06FC,ff
06FD,ff
06FE,ff
06FF,ff
0700,ff
0701,ff
0702,ff
0703,ff
0704,ff
0705,ff
0706,80
0707,00
0708,00
0709,00
070A,00
070B,03
070C,ff
070D,00
070E,f0
070F,7f
0710,c0
0711,1f
0712,ff
0713,ff
0714,ff
0715,ff
0716,f8
0717,18
0718,00
0719,ff
071A,ff
071B,ff
071C,ff
071D,ff
071E,ff
071F,ff
0720,ff
0721,ff
0722,ff
0723,ff
0724,ff
0725,ff
0726,80
0727,00
0728,00
0729,00
072A,00
072B,00
072C,00
072D,00
072E,e6
072F,18
0730,0f
0731,ff
0732,ff
0733,ff
0734,ff
0735,ff
0736,f8
0737,00
0738,01
0739,ff
073A,ff
073B,ff
073C,ff
073D,ff
073E,ff
073F,ff
0740,ff
0741,ff
0742,ff
0743,ff
0744,ff
0745,ff
0746,c0
0747,00
0748,00
0749,00
074A,20
074B,00
074C,00
074D,01
074E,df
074F,03
0750,ff
0751,ff
0752,ff
0753,ff
0754,ff
0755,ff
0756,f8
0757,00
0758,01
0759,ff
075A,ff
075B,ff
075C,ff
075D,ff
075E,ff
075F,ff
0760,ff
0761,ff
0762,ff
0763,ff
0764,ff
0765,ff
0766,e0
0767,00
0768,00
0769,01
076A,f0
076B,00
076C,18
076D,03
076E,be
076F,0f
0770,ff
0771,ff
0772,ff
0773,ff
0774,ff
0775,ff
0776,f0
0777,00
0778,01
0779,ff
077A,ff
077B,ff
077C,ff
077D,ff
077E,ff
077F,ff
0780,ff
0781,ff
0782,ff
0783,ff
0784,ff
0785,ff
0786,e0
0787,00
0788,00
0789,01
078A,fc
078B,00
078C,3e
078D,07
078E,38
078F,1f
0790,ff
0791,ff
0792,ff
0793,ff
0794,ff
0795,ff
0796,80
0797,00
0798,03
0799,ff
079A,ff
079B,ff
079C,ff
079D,ff
079E,ff
079F,ff
07A0,ff
07A1,ff
07A2,ff
07A3,ff
07A4,ff
07A5,ff
07A6,f3
07A7,c0
07A8,00
07A9,00
07AA,7e
07AB,00
07AC,3e
07AD,0f
07AE,e6
07AF,1f
07B0,ff
07B1,ff
07B2,ff
07B3,ff
07B4,ff
07B5,fc
07B6,00
07B7,00
07B8,03
07B9,ff
07BA,ff
07BB,ff
07BC,ff
07BD,ff
07BE,ff
07BF,ff
07C0,ff
07C1,ff
07C2,ff
07C3,ff
07C4,ff
07C5,ff
07C6,fe
07C7,00
07C8,00
07C9,03
07CA,1f
07CB,80
07CC,00
07CD,1f
07CE,9e
07CF,00
07D0,03
07D1,ff
07D2,ff
07D3,ff
07D4,ff
07D5,c0
07D6,00
07D7,00
07D8,03
07D9,ff
07DA,ff
07DB,ff
07DC,ff
07DD,ff
07DE,ff
07DF,ff
07E0,ff
07E1,ff
07E2,ff
07E3,ff
07E4,ff
07E5,ff
07E6,f1
07E7,80
07E8,00
07E9,03
07EA,df
07EB,f0
07EC,00
07ED,3e
07EE,3c
07EF,0f
07F0,ff
07F1,ff
07F2,ff
07F3,ff
07F4,fe
07F5,00
07F6,0c
07F7,00
07F8,03
07F9,ff
07FA,ff
07FB,ff
07FC,ff
07FD,ff
07FE,ff
07FF,ff
0800,ff
0801,ff
0802,ff
0803,ff
0804,ff
0805,ff
0806,8f
0807,00
0808,00
0809,00
080A,1f
080B,ff
080C,fc
080D,7c
080E,e0
080F,7f
0810,ff
0811,ff
0812,ff
0813,ff
0814,e0
0815,00
0816,fe
0817,00
0818,07
0819,ff
081A,ff
081B,ff
081C,ff
081D,ff
081E,ff
081F,ff
0820,ff
0821,ff
0822,ff
0823,ff
0824,ff
0825,fe
0826,3c
0827,00
0828,00
0829,07
082A,e0
082B,ff
082C,ff
082D,fb
082E,c8
082F,7f
0830,ff
0831,ff
0832,ff
0833,ff
0834,00
0835,07
0836,fc
0837,00
0838,07
0839,ff
083A,ff
083B,ff
083C,ff
083D,ff
083E,ff
083F,ff
0840,ff
0841,ff
0842,ff
0843,ff
0844,ff
0845,fd
0846,f8
0847,00
0848,00
0849,0f
084A,fc
084B,ff
084C,ff
084D,fb
084E,d8
084F,ff
0850,ff
0851,ff
0852,ff
0853,f8
0854,00
0855,7f
0856,e0
0857,00
0858,0f
0859,ff
085A,ff
085B,ff
085C,ff
085D,ff
085E,ff
085F,ff
0860,ff
0861,ff
0862,ff
0863,ff
0864,ff
0865,ff
0866,e0
0867,00
0868,00
0869,00
086A,0f
086B,ff
086C,ff
086D,ff
086E,f8
086F,ff
0870,ff
0871,ff
0872,ff
0873,80
0874,01
0875,fe
0876,00
0877,00
0878,0f
0879,ff
087A,ff
087B,ff
087C,ff
087D,ff
087E,ff
087F,ff
0880,ff
0881,ff
0882,ff
0883,ff
0884,ff
0885,ff
0886,e0
0887,00
0888,00
0889,07
088A,df
088B,ff
088C,fd
088D,ff
088E,f0
088F,3f
0890,ff
0891,ff
0892,ff
0893,00
0894,00
0895,e0
0896,00
0897,00
0898,1f
0899,ff
089A,ff
089B,ff
089C,ff
089D,ff
089E,ff
089F,ff
08A0,ff
08A1,ff
08A2,ff
08A3,ff
08A4,ff
08A5,ff
08A6,c0
08A7,00
08A8,00
08A9,07
08AA,ff
08AB,ff
08AC,fc
08AD,ff
08AE,e0
08AF,1f
08B0,ff
08B1,ff
08B2,fe
08B3,00
08B4,00
08B5,00
08B6,00
08B7,00
08B8,1f
08B9,ff
08BA,ff
08BB,ff
08BC,ff
08BD,ff
08BE,ff
08BF,ff
08C0,ff
08C1,ff
08C2,ff
08C3,ff
08C4,ff
08C5,ff
08C6,c0
08C7,00
08C8,00
08C9,21
08CA,ff
08CB,ff
08CC,f8
08CD,3f
08CE,02
08CF,07
08D0,ff
08D1,ff
08D2,fe
08D3,00
08D4,00
08D5,00
08D6,00
08D7,00
08D8,3f
08D9,ff
08DA,ff
08DB,ff
08DC,ff
08DD,ff
08DE,ff
08DF,ff
08E0,ff
08E1,ff
08E2,ff
08E3,ff
08E4,ff
08E5,ff
08E6,c0
08E7,00
08E8,02
08E9,00
08EA,7f
08EB,ff
08EC,f0
08ED,00
08EE,03
08EF,c7
08F0,ff
08F1,ff
08F2,fe
08F3,00
08F4,00
08F5,00
08F6,00
08F7,00
08F8,3f
08F9,ff
08FA,ff
08FB,ff
08FC,ff
08FD,ff
08FE,ff
08FF,ff
0900,ff
0901,ff
0902,ff
0903,ff
0904,ff
0905,ff
0906,00
0907,00
0908,03
0909,1c
090A,00
090B,00
090C,00
090D,00
090E,0f
090F,c7
0910,ff
0911,ff
0912,ff
0913,00
0914,00
0915,00
0916,00
0917,00
0918,7f
0919,ff
091A,ff
091B,ff
091C,ff
091D,ff
091E,ff
091F,ff
0920,ff
0921,ff
0922,ff
0923,ff
0924,ff
0925,fe
0926,00
0927,00
0928,03
0929,8c
092A,00
092B,00
092C,01
092D,80
092E,7f
092F,c7
0930,ff
0931,ff
0932,ff
0933,00
0934,00
0935,00
0936,00
0937,00
0938,7f
0939,ff
093A,ff
093B,ff
093C,ff
093D,ff
093E,ff
093F,ff
0940,ff
0941,ff
0942,ff
0943,ff
0944,ff
0945,f9
0946,80
0947,00
0948,03
0949,85
094A,f9
094B,c0
094C,07
094D,e1
094E,ff
094F,c7
0950,ff
0951,ff
0952,ff
0953,00
0954,00
0955,00
0956,00
0957,01
0958,ff
0959,ff
095A,ff
095B,ff
095C,ff
095D,ff
095E,ff
095F,ff
0960,ff
0961,ff
0962,ff
0963,ff
0964,ff
0965,f3
0966,80
0967,00
0968,03
0969,c3
096A,fd
096B,ff
096C,c7
096D,f1
096E,ff
096F,c7
0970,ff
0971,ff
0972,ff
0973,01
0974,00
0975,00
0976,00
0977,1f
0978,ff
0979,ff
097A,ff
097B,ff
097C,ff
097D,ff
097E,ff
097F,ff
0980,ff
0981,ff
0982,ff
0983,ff
0984,ff
0985,e7
0986,80
0987,00
0988,01
0989,e3
098A,f9
098B,ff
098C,8f
098D,f0
098E,ff
098F,87
0990,ff
0991,ff
0992,ff
0993,07
0994,80
0995,00
0996,01
0997,ff
0998,ff
0999,ff
099A,ff
099B,ff
099C,ff
099D,ff
099E,ff
099F,ff
09A0,ff
09A1,ff
09A2,ff
09A3,ff
09A4,ff
09A5,ff
09A6,80
09A7,00
09A8,40
09A9,f0
09AA,fb
09AB,fe
09AC,1f
09AD,f8
09AE,7f
09AF,8f
09B0,3f
09B1,ff
09B2,ff
09B3,07
09B4,c0
09B5,00
09B6,1f
09B7,ff
09B8,ff
09B9,ff
09BA,ff
09BB,ff
09BC,ff
09BD,ff
09BE,ff
09BF,ff
09C0,ff
09C1,ff
09C2,ff
09C3,ff
09C4,ff
09C5,ff
09C6,80
09C7,20
09C8,e0
09C9,38
09CA,00
09CB,fc
09CC,3f
09CD,f8
09CE,ef
09CF,0e
09D0,0f
09D1,ff
09D2,ff
09D3,87
09D4,c0
09D5,03
09D6,ff
09D7,ff
09D8,ff
09D9,ff
09DA,ff
09DB,ff
09DC,ff
09DD,ff
09DE,ff
09DF,ff
09E0,ff
09E1,ff
09E2,ff
09E3,ff
09E4,ff
09E5,ff
09E6,04
09E7,20
09E8,78
09E9,18
09EA,00
09EB,00
09EC,7f
09ED,f0
09EE,e7
09EF,0c
09F0,03
09F1,ff
09F2,ff
09F3,87
09F4,c0
09F5,1f
09F6,ff
09F7,ff
09F8,ff
09F9,ff
09FA,ff
09FB,ff
09FC,ff
09FD,ff
09FE,ff
09FF,ff
0A00,ff
0A01,ff
0A02,ff
0A03,ff
0A04,ff
0A05,ff
0A06,04
0A07,20
0A08,3e
0A09,0f
0A0A,00
0A0B,00
0A0C,ff
0A0D,f0
0A0E,e6
0A0F,00
0A10,00
0A11,ff
0A12,ff
0A13,87
0A14,c0
0A15,1f
0A16,ff
0A17,ff
0A18,ff
0A19,ff
0A1A,ff
0A1B,ff
0A1C,ff
0A1D,ff
0A1E,ff
0A1F,ff
0A20,ff
0A21,ff
0A22,ff
0A23,ff
0A24,ff
0A25,ff
0A26,86
0A27,38
0A28,1f
0A29,c7
0A2A,ff
0A2B,81
0A2C,ff
0A2D,f1
0A2E,c0
0A2F,00
0A30,00
0A31,7f
0A32,ff
0A33,87
0A34,c0
0A35,1f
0A36,ff
0A37,ff
0A38,ff
0A39,ff
0A3A,ff
0A3B,ff
0A3C,ff
0A3D,ff
0A3E,ff
0A3F,ff
0A40,ff
0A41,ff
0A42,ff
0A43,ff
0A44,ff
0A45,ff
0A46,06
0A47,3e
0A48,0f
0A49,f3
0A4A,ff
0A4B,ff
0A4C,ff
0A4D,e1
0A4E,c0
0A4F,00
0A50,00
0A51,1f
0A52,ff
0A53,87
0A54,e0
0A55,1f
0A56,ff
0A57,ff
0A58,ff
0A59,ff
0A5A,ff
0A5B,ff
0A5C,ff
0A5D,ff
0A5E,ff
0A5F,ff
0A60,ff
0A61,ff
0A62,ff
0A63,ff
0A64,ff
0A65,fe
0A66,c2
0A67,3f
0A68,c7
0A69,ff
0A6A,ff
0A6B,ff
0A6C,ff
0A6D,e1
0A6E,80
0A6F,00
0A70,c0
0A71,07
0A72,ff
0A73,c3
0A74,e0
0A75,0f
0A76,ff
0A77,ff
0A78,ff
0A79,ff
0A7A,ff
0A7B,ff
0A7C,ff
0A7D,ff
0A7E,ff
0A7F,ff
0A80,ff
0A81,ff
0A82,ff
0A83,ff
0A84,ff
0A85,fd
0A86,e3
0A87,1f
0A88,f3
0A89,ff
0A8A,ff
0A8B,ff
0A8C,ff
0A8D,c1
0A8E,00
0A8F,01
0A90,f8
0A91,07
0A92,ff
0A93,c3
0A94,e0
0A95,0f
0A96,ff
0A97,ff
0A98,ff
0A99,ff
0A9A,ff
0A9B,ff
0A9C,ff
0A9D,ff
0A9E,ff
0A9F,ff
0AA0,ff
0AA1,ff
0AA2,ff
0AA3,ff
0AA4,ff
0AA5,f9
0AA6,f1
0AA7,9f
0AA8,ff
0AA9,ff
0AAA,ff
0AAB,ff
0AAC,fb
0AAD,80
0AAE,00
0AAF,03
0AB0,04
0AB1,03
0AB2,ff
0AB3,c3
0AB4,80
0AB5,0f
0AB6,ff
0AB7,ff
0AB8,ff
0AB9,ff
0ABA,ff
0ABB,ff
0ABC,ff
0ABD,ff
0ABE,ff
0ABF,ff
0AC0,ff
0AC1,ff
0AC2,ff
0AC3,ff
0AC4,ff
0AC5,f3
0AC6,f0
0AC7,cf
0AC8,ff
0AC9,cf
0ACA,ff
0ACB,ff
0ACC,f3
0ACD,80
0ACE,20
0ACF,06
0AD0,00
0AD1,03
0AD2,ff
0AD3,c0
0AD4,00
0AD5,0f
0AD6,ff
0AD7,ff
0AD8,ff
0AD9,ff
0ADA,ff
0ADB,ff
0ADC,ff
0ADD,ff
0ADE,ff
0ADF,ff
0AE0,ff
0AE1,ff
0AE2,ff
0AE3,ff
0AE4,ff
0AE5,e7
0AE6,f8
0AE7,6e
0AE8,ff
0AE9,c7
0AEA,ff
0AEB,ff
0AEC,e3
0AED,00
0AEE,00
0AEF,00
0AF0,00
0AF1,61
0AF2,ff
0AF3,c0
0AF4,00
0AF5,0f
0AF6,ff
0AF7,ff
0AF8,ff
0AF9,ff
0AFA,ff
0AFB,ff
0AFC,ff
0AFD,ff
0AFE,ff
0AFF,ff
0B00,ff
0B01,ff
0B02,ff
0B03,ff
0B04,ff
0B05,ef
0B06,fc
0B07,3e
0B08,7f
0B09,80
0B0A,ff
0B0B,ff
0B0C,c0
0B0D,00
0B0E,00
0B0F,00
0B10,00
0B11,61
0B12,ff
0B13,c0
0B14,00
0B15,07
0B16,ff
0B17,ff
0B18,ff
0B19,ff
0B1A,ff
0B1B,ff
0B1C,ff
0B1D,ff
0B1E,ff
0B1F,ff
0B20,ff
0B21,ff
0B22,ff
0B23,ff
0B24,ff
0B25,ff
0B26,fe
0B27,0e
0B28,3f
0B29,80
0B2A,01
0B2B,cf
0B2C,00
0B2D,00
0B2E,00
0B2F,00
0B30,00
0B31,f1
0B32,ff
0B33,e0
0B34,00
0B35,07
0B36,ff
0B37,ff
0B38,ff
0B39,ff
0B3A,ff
0B3B,ff
0B3C,ff
0B3D,ff
0B3E,ff
0B3F,ff
0B40,ff
0B41,ff
0B42,ff
0B43,ff
0B44,ff
0B45,ff
0B46,ff
0B47,04
0B48,0f
0B49,80
0B4A,01
0B4B,0c
0B4C,00
0B4D,00
0B4E,00
0B4F,00
0B50,03
0B51,f0
0B52,ff
0B53,e0
0B54,00
0B55,07
0B56,ff
0B57,ff
0B58,ff
0B59,ff
0B5A,ff
0B5B,ff
0B5C,ff
0B5D,ff
0B5E,ff
0B5F,ff
0B60,ff
0B61,ff
0B62,ff
0B63,ff
0B64,ff
0B65,ff
0B66,ff
0B67,80
0B68,03
0B69,00
0B6A,00
0B6B,00
0B6C,00
0B6D,00
0B6E,00
0B6F,00
0B70,0f
0B71,e0
0B72,ff
0B73,e0
0B74,00
0B75,07
0B76,ff
0B77,ff
0B78,ff
0B79,ff
0B7A,ff
0B7B,ff
0B7C,ff
0B7D,ff
0B7E,ff
0B7F,ff
0B80,ff
0B81,ff
0B82,ff
0B83,ff
0B84,ff
0B85,ff
0B86,ff
0B87,c0
0B88,00
0B89,00
0B8A,00
0B8B,00
0B8C,00
0B8D,00
0B8E,00
0B8F,00
0B90,3f
0B91,00
0B92,7f
0B93,e0
0B94,00
0B95,03
0B96,ff
0B97,ff
0B98,ff
0B99,ff
0B9A,ff
0B9B,ff
0B9C,ff
0B9D,ff
0B9E,ff
0B9F,ff
0BA0,ff
0BA1,ff
0BA2,ff
0BA3,ff
0BA4,ff
0BA5,ff
0BA6,ff
0BA7,e0
0BA8,30
0BA9,00
0BAA,00
0BAB,00
0BAC,00
0BAD,00
0BAE,00
0BAF,00
0BB0,f0
0BB1,00
0BB2,7f
0BB3,e0
0BB4,00
0BB5,03
0BB6,ff
0BB7,ff
0BB8,ff
0BB9,ff
0BBA,ff
0BBB,ff
0BBC,ff
0BBD,ff
0BBE,ff
0BBF,ff
0BC0,ff
0BC1,ff
0BC2,ff
0BC3,ff
0BC4,ff
0BC5,ff
0BC6,ff
0BC7,f0
0BC8,18
0BC9,00
0BCA,00
0BCB,00
0BCC,00
0BCD,00
0BCE,00
0BCF,00
0BD0,00
0BD1,00
0BD2,3f
0BD3,e0
0BD4,00
0BD5,03
0BD6,ff
0BD7,ff
0BD8,ff
0BD9,ff
0BDA,ff
0BDB,ff
0BDC,ff
0BDD,ff
0BDE,ff
0BDF,ff
0BE0,ff
0BE1,ff
0BE2,ff
0BE3,ff
0BE4,ff
0BE5,ff
0BE6,ff
0BE7,fc
0BE8,1e
0BE9,00
0BEA,00
0BEB,00
0BEC,00
0BED,00
0BEE,00
0BEF,00
0BF0,00
0BF1,00
0BF2,3f
0BF3,f0
0BF4,00
0BF5,03
0BF6,ff
0BF7,ff
0BF8,ff
0BF9,ff
0BFA,ff
0BFB,ff
0BFC,ff
0BFD,ff
0BFE,ff
0BFF,ff
0C00,ff
0C01,ff
0C02,ff
0C03,ff
0C04,ff
0C05,ff
0C06,ff
0C07,fe
0C08,00
0C09,00
0C0A,00
0C0B,00
0C0C,00
0C0D,00
0C0E,00
0C0F,00
0C10,00
0C11,00
0C12,1f
0C13,f0
0C14,00
0C15,01
0C16,ff
0C17,ff
0C18,ff
0C19,ff
0C1A,ff
0C1B,ff
0C1C,ff
0C1D,ff
0C1E,ff
0C1F,ff
0C20,ff
0C21,ff
0C22,ff
0C23,ff
0C24,ff
0C25,ff
0C26,ff
0C27,fc
0C28,00
0C29,00
0C2A,00
0C2B,00
0C2C,00
0C2D,20
0C2E,00
0C2F,00
0C30,00
0C31,00
0C32,1f
0C33,f0
0C34,00
0C35,01
0C36,ff
0C37,ff
0C38,ff
0C39,ff
0C3A,ff
0C3B,ff
0C3C,ff
0C3D,ff
0C3E,ff
0C3F,ff
0C40,ff
0C41,ff
0C42,ff
0C43,ff
0C44,ff
0C45,ff
0C46,ff
0C47,e0
0C48,00
0C49,00
0C4A,00
0C4B,00
0C4C,00
0C4D,20
0C4E,00
0C4F,00
0C50,00
0C51,00
0C52,0f
0C53,f0
0C54,00
0C55,01
0C56,ff
0C57,ff
0C58,ff
0C59,ff
0C5A,ff
0C5B,ff
0C5C,ff
0C5D,ff
0C5E,ff
0C5F,ff
0C60,ff
0C61,ff
0C62,ff
0C63,ff
0C64,ff
0C65,ff
0C66,fe
0C67,00
0C68,00
0C69,00
0C6A,00
0C6B,00
0C6C,00
0C6D,20
0C6E,00
0C6F,00
0C70,00
0C71,00
0C72,0f
0C73,f0
0C74,00
0C75,01
0C76,ff
0C77,ff
0C78,ff
0C79,ff
0C7A,ff
0C7B,ff
0C7C,ff
0C7D,ff
0C7E,ff
0C7F,ff
0C80,ff
0C81,ff
0C82,ff
0C83,ff
0C84,ff
0C85,ff
0C86,f0
0C87,00
0C88,00
0C89,00
0C8A,00
0C8B,00
0C8C,00
0C8D,30
0C8E,00
0C8F,00
0C90,00
0C91,00
0C92,0f
0C93,f8
0C94,00
0C95,00
0C96,07
0C97,ff
0C98,ff
0C99,ff
0C9A,ff
0C9B,ff
0C9C,ff
0C9D,ff
0C9E,ff
0C9F,ff
0CA0,ff
0CA1,ff
0CA2,ff
0CA3,ff
0CA4,ff
0CA5,ff
0CA6,00
0CA7,00
0CA8,00
0CA9,00
0CAA,00
0CAB,00
0CAC,00
0CAD,30
0CAE,00
0CAF,00
0CB0,00
0CB1,00
0CB2,07
0CB3,f8
0CB4,00
0CB5,00
0CB6,00
0CB7,03
0CB8,ff
0CB9,ff
0CBA,ff
0CBB,ff
0CBC,ff
0CBD,ff
0CBE,ff
0CBF,ff
0CC0,ff
0CC1,ff
0CC2,ff
0CC3,ff
0CC4,ff
0CC5,f0
0CC6,00
0CC7,00
0CC8,00
0CC9,00
0CCA,00
0CCB,00
0CCC,01
0CCD,f0
0CCE,00
0CCF,00
0CD0,00
0CD1,00
0CD2,0f
0CD3,f8
0CD4,00
0CD5,00
0CD6,00
0CD7,00
0CD8,01
0CD9,ff
0CDA,ff
0CDB,ff
0CDC,ff
0CDD,ff
0CDE,ff
0CDF,ff
0CE0,ff
0CE1,ff
0CE2,ff
0CE3,ff
0CE4,ff
0CE5,80
0CE6,00
0CE7,00
0CE8,00
0CE9,00
0CEA,00
0CEB,00
0CEC,03
0CED,f0
0CEE,00
0CEF,00
0CF0,00
0CF1,00
0CF2,0f
0CF3,f8
0CF4,00
0CF5,00
0CF6,00
0CF7,00
0CF8,00
0CF9,00
0CFA,ff
0CFB,ff
0CFC,ff
0CFD,ff
0CFE,ff
0CFF,ff
0D00,ff
0D01,ff
0D02,ff
0D03,ff
0D04,fc
0D05,00
0D06,00
0D07,00
0D08,00
0D09,00
0D0A,00
0D0B,00
0D0C,07
0D0D,f0
0D0E,00
0D0F,00
0D10,00
0D11,00
0D12,1f
0D13,f8
0D14,00
0D15,00
0D16,00
0D17,00
0D18,00
0D19,00
0D1A,1f
0D1B,ff
0D1C,ff
0D1D,ff
0D1E,ff
0D1F,ff
0D20,ff
0D21,ff
0D22,ff
0D23,ff
0D24,f8
0D25,00
0D26,08
0D27,00
0D28,00
0D29,00
0D2A,00
0D2B,00
0D2C,07
0D2D,e0
0D2E,00
0D2F,07
0D30,00
0D31,00
0D32,1f
0D33,fc
0D34,00
0D35,00
0D36,00
0D37,1c
0D38,00
0D39,00
0D3A,0f
0D3B,ff
0D3C,ff
0D3D,ff
0D3E,ff
0D3F,ff
0D40,ff
0D41,ff
0D42,ff
0D43,ff
0D44,f8
0D45,00
0D46,70
0D47,00
0D48,00
0D49,00
0D4A,00
0D4B,00
0D4C,0f
0D4D,c0
0D4E,00
0D4F,0f
0D50,00
0D51,00
0D52,3f
0D53,fc
0D54,00
0D55,00
0D56,00
0D57,0c
0D58,00
0D59,00
0D5A,03
0D5B,ff
0D5C,ff
0D5D,ff
0D5E,ff
0D5F,ff
0D60,ff
0D61,ff
0D62,ff
0D63,ff
0D64,f0
0D65,01
0D66,c0
0D67,00
0D68,00
0D69,00
0D6A,00
0D6B,00
0D6C,1f
0D6D,00
0D6E,00
0D6F,3f
0D70,00
0D71,00
0D72,3f
0D73,fc
0D74,00
0D75,00
0D76,00
0D77,00
0D78,00
0D79,78
0D7A,01
0D7B,ff
0D7C,ff
0D7D,ff
0D7E,ff
0D7F,ff
0D80,ff
0D81,ff
0D82,ff
0D83,ff
0D84,f0
0D85,0f
0D86,00
0D87,00
0D88,00
0D89,00
0D8A,00
0D8B,00
0D8C,3e
0D8D,00
0D8E,00
0D8F,fe
0D90,00
0D91,00
0D92,3f
0D93,fe
0D94,00
0D95,00
0D96,00
0D97,00
0D98,00
0D99,7f
0D9A,00
0D9B,ff
0D9C,ff
0D9D,ff
0D9E,ff
0D9F,ff
0DA0,ff
0DA1,ff
0DA2,ff
0DA3,ff
0DA4,f0
0DA5,3c
0DA6,00
0DA7,00
0DA8,00
0DA9,00
0DAA,00
0DAB,00
0DAC,78
0DAD,00
0DAE,04
0DAF,78
0DB0,00
0DB1,00
0DB2,7f
0DB3,fe
0DB4,00
0DB5,00
0DB6,00
0DB7,00
0DB8,00
0DB9,7f
0DBA,c0
0DBB,7f
0DBC,ff
0DBD,ff
0DBE,ff
0DBF,ff
0DC0,ff
0DC1,ff
0DC2,ff
0DC3,ff
0DC4,f0
0DC5,70
0DC6,00
0DC7,00
0DC8,00
0DC9,00
0DCA,00
0DCB,03
0DCC,f0
0DCD,00
0DCE,1e
0DCF,78
0DD0,00
0DD1,00
0DD2,7f
0DD3,ff
0DD4,00
0DD5,00
0DD6,00
0DD7,00
0DD8,00
0DD9,1f
0DDA,f0
0DDB,3f
0DDC,ff
0DDD,ff
0DDE,ff
0DDF,ff
0DE0,ff
0DE1,ff
0DE2,ff
0DE3,ff
0DE4,e0
0DE5,60
0DE6,00
0DE7,00
0DE8,00
0DE9,00
0DEA,00
0DEB,03
0DEC,c0
0DED,00
0DEE,1e
0DEF,78
0DF0,03
0DF1,f0
0DF2,7f
0DF3,ff
0DF4,00
0DF5,00
0DF6,00
0DF7,00
0DF8,00
0DF9,03
0DFA,f8
0DFB,3f
0DFC,ff
0DFD,ff
0DFE,ff
0DFF,ff
0E00,ff
0E01,ff
0E02,ff
0E03,ff
0E04,e0
0E05,60
0E06,00
0E07,00
0E08,00
0E09,00
0E0A,00
0E0B,00
0E0C,00
0E0D,07
0E0E,ce
0E0F,38
0E10,0f
0E11,d8
0E12,1f
0E13,ff
0E14,80
0E15,00
0E16,00
0E17,00
0E18,00
0E19,00
0E1A,78
0E1B,1f
0E1C,ff
0E1D,ff
0E1E,ff
0E1F,ff
0E20,ff
0E21,ff
0E22,ff
0E23,ff
0E24,e0
0E25,c0
0E26,00
0E27,00
0E28,00
0E29,00
0E2A,00
0E2B,00
0E2C,00
0E2D,1f
0E2E,cf
0E2F,3d
0E30,80
0E31,00
0E32,0f
0E33,ff
0E34,c0
0E35,00
0E36,00
0E37,00
0E38,00
0E39,00
0E3A,3c
0E3B,1f
0E3C,ff
0E3D,ff
0E3E,ff
0E3F,ff
0E40,ff
0E41,ff
0E42,ff
0E43,ff
0E44,e0
0E45,c0
0E46,00
0E47,0c
0E48,00
0E49,00
0E4A,00
0E4B,00
0E4C,00
0E4D,7f
0E4E,ef
0E4F,3f
0E50,80
0E51,00
0E52,07
0E53,ff
0E54,e0
0E55,00
0E56,00
0E57,00
0E58,00
0E59,00
0E5A,1e
0E5B,0f
0E5C,ff
0E5D,ff
0E5E,ff
0E5F,ff
0E60,ff
0E61,ff
0E62,ff
0E63,ff
0E64,c0
0E65,80
0E66,00
0E67,f0
0E68,00
0E69,00
0E6A,00
0E6B,00
0E6C,02
0E6D,3d
0E6E,e7
0E6F,1f
0E70,80
0E71,00
0E72,03
0E73,ff
0E74,f0
0E75,00
0E76,00
0E77,00
0E78,00
0E79,00
0E7A,1e
0E7B,0f
0E7C,ff
0E7D,ff
0E7E,ff
0E7F,ff
0E80,ff
0E81,ff
0E82,ff
0E83,ff
0E84,c0
0E85,80
0E86,0f
0E87,80
0E88,00
0E89,00
0E8A,00
0E8B,00
0E8C,0f
0E8D,38
0E8E,e7
0E8F,9e
0E90,00
0E91,00
0E92,01
0E93,ff
0E94,f8
0E95,00
0E96,00
0E97,00
0E98,00
0E99,00
0E9A,1e
0E9B,0f
0E9C,ff
0E9D,ff
0E9E,ff
0E9F,ff
0EA0,ff
0EA1,ff
0EA2,ff
0EA3,ff
0EA4,c0
0EA5,00
0EA6,fc
0EA7,00
0EA8,00
0EA9,00
0EAA,00
0EAB,00
0EAC,8f
0EAD,38
0EAE,f3
0EAF,9e
0EB0,00
0EB1,00
0EB2,01
0EB3,ff
0EB4,fe
0EB5,00
0EB6,00
0EB7,00
0EB8,00
0EB9,00
0EBA,0e
0EBB,0f
0EBC,ff
0EBD,ff
0EBE,ff
0EBF,ff
0EC0,ff
0EC1,ff
0EC2,ff
0EC3,ff
0EC4,c0
0EC5,03
0EC6,e0
0EC7,00
0EC8,00
0EC9,00
0ECA,00
0ECB,07
0ECC,8f
0ECD,1c
0ECE,f3
0ECF,8e
0ED0,00
0ED1,00
0ED2,00
0ED3,ff
0ED4,ff
0ED5,e0
0ED6,00
0ED7,00
0ED8,00
0ED9,00
0EDA,06
0EDB,0f
0EDC,ff
0EDD,ff
0EDE,ff
0EDF,ff
0EE0,ff
0EE1,ff
0EE2,ff
0EE3,ff
0EE4,c0
0EE5,07
0EE6,80
0EE7,00
0EE8,00
0EE9,00
0EEA,00
0EEB,07
0EEC,87
0EED,9d
0EEE,e3
0EEF,ce
0EF0,20
0EF1,00
0EF2,00
0EF3,7f
0EF4,ff
0EF5,ff
0EF6,ff
0EF7,f8
0EF8,00
0EF9,00
0EFA,02
0EFB,0f
0EFC,ff
0EFD,ff
0EFE,ff
0EFF,ff
0F00,ff
0F01,ff
0F02,ff
0F03,ff
0F04,80
0F05,07
0F06,00
0F07,00
0F08,00
0F09,00
0F0A,03
0F0B,83
0F0C,c7
0F0D,9f
0F0E,e1
0F0F,cf
0F10,e1
0F11,fe
0F12,00
0F13,7f
0F14,ff
0F15,ff
0F16,ff
0F17,e0
0F18,00
0F19,00
0F1A,00
0F1B,0f
0F1C,ff
0F1D,ff
0F1E,ff
0F1F,ff
0F20,ff
0F21,ff
0F22,ff
0F23,ff
0F24,80
0F25,06
0F26,00
0F27,00
0F28,00
0F29,00
0F2A,0f
0F2B,83
0F2C,c7
0F2D,8f
0F2E,f9
0F2F,e7
0F30,e0
0F31,ff
0F32,80
0F33,3f
0F34,ff
0F35,ff
0F36,fe
0F37,00
0F38,00
0F39,03
0F3A,e0
0F3B,0f
0F3C,ff
0F3D,ff
0F3E,ff
0F3F,ff
0F40,ff
0F41,ff
0F42,ff
0F43,ff
0F44,80
0F45,04
0F46,00
0F47,00
0F48,00
0F49,1e
0F4A,0f
0F4B,c3
0F4C,e3
0F4D,cf
0F4E,f9
0F4F,e7
0F50,e0
0F51,00
0F52,e0
0F53,3f
0F54,ff
0F55,ff
0F56,f0
0F57,00
0F58,00
0F59,1f
0F5A,e0
0F5B,0f
0F5C,ff
0F5D,ff
0F5E,ff
0F5F,ff
0F60,ff
0F61,ff
0F62,ff
0F63,ff
0F64,80
0F65,0c
0F66,00
0F67,00
0F68,00
0F69,ff
0F6A,0f
0F6B,c1
0F6C,e3
0F6D,cf
0F6E,3c
0F6F,e7
0F70,e0
0F71,00
0F72,00
0F73,1f
0F74,ff
0F75,ff
0F76,80
0F77,00
0F78,00
0F79,ff
0F7A,f0
0F7B,0f
0F7C,ff
0F7D,ff
0F7E,ff
0F7F,ff
0F80,ff
0F81,ff
0F82,ff
0F83,ff
0F84,00
0F85,00
0F86,00
0F87,00
0F88,03
0F89,fc
0F8A,0f
0F8B,e1
0F8C,e3
0F8D,c7
0F8E,1c
0F8F,f3
0F90,c0
0F91,00
0F92,00
0F93,0f
0F94,ff
0F95,f8
0F96,00
0F97,07
0F98,e1
0F99,ff
0F9A,f8
0F9B,0f
0F9C,ff
0F9D,ff
0F9E,ff
0F9F,ff
0FA0,ff
0FA1,ff
0FA2,ff
0FA3,ff
0FA4,00
0FA5,00
0FA6,00
0FA7,00
0FA8,0f
0FA9,c0
0FAA,0f
0FAB,f1
0FAC,f1
0FAD,e7
0FAE,1c
0FAF,f3
0FB0,00
0FB1,00
0FB2,00
0FB3,07
0FB4,ff
0FB5,c0
0FB6,00
0FB7,1f
0FB8,e1
0FB9,ff
0FBA,fc
0FBB,1f
0FBC,ff
0FBD,ff
0FBE,ff
0FBF,ff
0FC0,ff
0FC1,ff
0FC2,ff
0FC3,ff
0FC4,00
0FC5,00
0FC6,00
0FC7,00
0FC8,3f
0FC9,00
0FCA,0e
0FCB,f0
0FCC,f1
0FCD,e7
0FCE,9e
0FCF,70
0FD0,00
0FD1,00
0FD2,00
0FD3,01
0FD4,ff
0FD5,00
0FD6,00
0FD7,ff
0FD8,e3
0FD9,ff
0FDA,fe
0FDB,1f
0FDC,ff
0FDD,ff
0FDE,ff
0FDF,ff
0FE0,ff
0FE1,ff
0FE2,ff
0FE3,ff
0FE4,00
0FE5,00
0FE6,00
0FE7,00
0FE8,7e
0FE9,00
0FEA,0e
0FEB,78
0FEC,f1
0FED,e3
0FEE,9e
0FEF,00
0FF0,00
0FF1,00
0FF2,00
0FF3,00
0FF4,7e
0FF5,00
0FF6,07
0FF7,ff
0FF8,c3
0FF9,ff
0FFA,ff
0FFB,0f
0FFC,ff
0FFD,ff
0FFE,ff
0FFF,ff
1000,ff
1001,ff
1002,ff
1003,ff
1004,00
1005,00
1006,00
1007,01
1008,f8
1009,00
100A,0e
100B,78
100C,78
100D,f3
100E,fc
100F,00
1010,00
1011,00
1012,00
1013,00
1014,38
1015,00
1016,3f
1017,ff
1018,c7
1019,ff
101A,ff
101B,87
101C,ff
101D,ff
101E,ff
101F,ff
1020,ff
1021,ff
1022,ff
1023,f0
1024,00
1025,00
1026,00
1027,07
1028,e0
1029,00
102A,06
102B,3c
102C,78
102D,f3
102E,c0
102F,00
1030,00
1031,00
1032,01
1033,e0
1034,30
1035,00
1036,ff
1037,ff
1038,8f
1039,ff
103A,ff
103B,83
103C,ff
103D,ff
103E,ff
103F,ff
1040,ff
1041,ff
1042,ff
1043,80
1044,00
1045,00
1046,00
1047,1f
1048,c0
1049,00
104A,06
104B,3c
104C,7f
104D,f0
104E,00
104F,00
1050,00
1051,00
1052,00
1053,70
1054,20
1055,07
1056,ff
1057,ff
1058,0f
1059,bf
105A,ff
105B,c1
105C,ff
105D,ff
105E,ff
105F,ff
1060,ff
1061,ff
1062,fc
1063,00
1064,00
1065,00
1066,00
1067,7f
1068,00
1069,00
106A,03
106B,7e
106C,3f
106D,e0
106E,00
106F,00
1070,00
1071,00
1072,00
1073,10
1074,00
1075,0f
1076,ff
1077,fe
1078,1f
1079,3f
107A,ff
107B,e0
107C,ff
107D,ff
107E,ff
107F,ff
1080,ff
1081,ff
1082,f8
1083,02
1084,00
1085,00
1086,00
1087,fc
1088,00
1089,00
108A,03
108B,ff
108C,3f
108D,80
108E,00
108F,00
1090,00
1091,00
1092,00
1093,10
1094,00
1095,1f
1096,ff
1097,fc
1098,3e
1099,7f
109A,ff
109B,f0
109C,7f
109D,ff
109E,ff
109F,ff
10A0,ff
10A1,ff
10A2,e0
10A3,0f
10A4,00
10A5,00
10A6,01
10A7,f8
10A8,00
10A9,00
10AA,01
10AB,ff
10AC,1c
10AD,00
10AE,00
10AF,00
10B0,00
10B1,00
10B2,00
10B3,10
10B4,00
10B5,3f
10B6,ff
10B7,f0
10B8,3c
10B9,7f
10BA,ff
10BB,f0
10BC,7f
10BD,ff
10BE,ff
10BF,ff
10C0,ff
10C1,ff
10C2,80
10C3,1f
10C4,00
10C5,00
10C6,03
10C7,e0
10C8,00
10C9,00
10CA,01
10CB,ff
10CC,8c
10CD,00
10CE,00
10CF,00
10D0,00
10D1,00
10D2,00
10D3,00
10D4,00
10D5,7f
10D6,ff
10D7,e0
10D8,f8
10D9,ff
10DA,ff
10DB,f8
10DC,3f
10DD,ff
10DE,ff
10DF,ff
10E0,ff
10E1,ff
10E2,03
10E3,9f
10E4,00
10E5,00
10E6,07
10E7,c0
10E8,00
10E9,03
10EA,00
10EB,87
10EC,80
10ED,00
10EE,00
10EF,00
10F0,00
10F1,00
10F2,00
10F3,00
10F4,00
10F5,ff
10F6,ff
10F7,c7
10F8,f0
10F9,ff
10FA,ff
10FB,fc
10FC,1f
10FD,ff
10FE,ff
10FF,ff
1100,ff
1101,fe
1102,07
1103,9f
1104,00
1105,00
1106,1f
1107,80
1108,00
1109,07
110A,00
110B,04
110C,00
110D,00
110E,00
110F,00
1110,00
1111,00
1112,0e
1113,00
1114,01
1115,ff
1116,ff
1117,1f
1118,e1
1119,ff
111A,ff
111B,fc
111C,0f
111D,ff
111E,ff
111F,ff
1120,ff
1121,fc
1122,1f
1123,9f
1124,00
1125,00
1126,1f
1127,00
1128,00
1129,0e
112A,00
112B,00
112C,00
112D,00
112E,00
112F,00
1130,00
1131,00
1132,7e
1133,00
1134,03
1135,ff
1136,fe
1137,ff
1138,81
1139,ff
113A,ff
113B,fe
113C,0f
113D,ff
113E,ff
113F,ff
1140,ff
1141,f8
1142,3f
1143,9f
1144,00
1145,00
1146,0f
1147,00
1148,00
1149,3c
114A,00
114B,00
114C,00
114D,00
114E,00
114F,00
1150,00
1151,01
1152,fe
1153,00
1154,07
1155,ff
1156,ff
1157,ff
1158,03
1159,ff
115A,ff
115B,fe
115C,0f
115D,ff
115E,ff
115F,ff
1160,ff
1161,f0
1162,7f
1163,9f
1164,00
1165,00
1166,06
1167,00
1168,00
1169,7c
116A,00
116B,00
116C,00
116D,00
116E,00
116F,00
1170,00
1171,03
1172,f8
1173,00
1174,07
1175,ff
1176,ff
1177,fe
1178,03
1179,ff
117A,ff
117B,fe
117C,0f
117D,ff
117E,ff
117F,ff
1180,ff
1181,e0
1182,ff
1183,9f
1184,00
1185,40
1186,0c
1187,00
1188,00
1189,f0
118A,03
118B,00
118C,00
118D,00
118E,3c
118F,00
1190,1f
1191,03
1192,20
1193,00
1194,0f
1195,ff
1196,ff
1197,fe
1198,07
1199,ff
119A,ff
119B,fe
119C,0f
119D,ff
119E,ff
119F,ff
11A0,ff
11A1,c1
11A2,ff
11A3,9f
11A4,00
11A5,60
11A6,00
11A7,00
11A8,01
11A9,e0
11AA,03
11AB,00
11AC,00
11AD,00
11AE,3f
11AF,01
11B0,ff
11B1,03
11B2,20
11B3,00
11B4,0f
11B5,ff
11B6,ff
11B7,fc
11B8,07
11B9,ef
11BA,ff
11BB,fe
11BC,0f
11BD,ff
11BE,ff
11BF,ff
11C0,ff
11C1,83
11C2,ff
11C3,9f
11C4,00
11C5,70
11C6,00
11C7,00
11C8,03
11C9,c0
11CA,03
11CB,ff
11CC,f8
11CD,00
11CE,7f
11CF,01
11D0,ff
11D1,03
11D2,40
11D3,00
11D4,8f
11D5,ff
11D6,ff
11D7,7c
11D8,0f
11D9,0f
11DA,ff
11DB,fe
11DC,0f
11DD,ff
11DE,ff
11DF,ff
11E0,ff
11E1,87
11E2,ff
11E3,9f
11E4,00
11E5,78
11E6,00
11E7,00
11E8,07
11E9,80
11EA,03
11EB,ff
11EC,fe
11ED,00
11EE,0e
11EF,01
11F0,fe
11F1,02
11F2,40
11F3,01
11F4,cf
11F5,ff
11F6,fe
11F7,18
11F8,08
11F9,1f
11FA,ff
11FB,fe
11FC,0f
11FD,ff
11FE,ff
11FF,ff
1200,ff
1201,07
1202,ff
1203,9f
1204,00
1205,78
1206,80
1207,00
1208,1f
1209,00
120A,03
120B,ff
120C,ff
120D,80
120E,00
120F,03
1210,fe
1211,00
1212,00
1213,01
1214,cf
1215,ff
1216,fc
1217,00
1218,00
1219,1f
121A,ff
121B,fe
121C,0f
121D,ff
121E,ff
121F,ff
1220,fe
1221,0f
1222,ff
1223,9f
1224,00
1225,78
1226,80
1227,00
1228,3e
1229,00
122A,01
122B,ff
122C,ff
122D,e0
122E,00
122F,01
1230,f0
1231,00
1232,00
1233,01
1234,ff
1235,ff
1236,f0
1237,00
1238,00
1239,3f
123A,ff
123B,fe
123C,0f
123D,ff
123E,ff
123F,ff
1240,fe
1241,1f
1242,ff
1243,9f
1244,00
1245,78
1246,80
1247,00
1248,7c
1249,00
124A,01
124B,ff
124C,ff
124D,f8
124E,00
124F,00
1250,00
1251,00
1252,00
1253,01
1254,ff
1255,ff
1256,e0
1257,00
1258,00
1259,7f
125A,ff
125B,fe
125C,0f
125D,ff
125E,ff
125F,ff
1260,fc
1261,1f
1262,ff
1263,9f
1264,00
1265,78
1266,80
1267,00
1268,78
1269,00
126A,01
126B,cf
126C,e0
126D,7e
126E,00
126F,00
1270,00
1271,00
1272,00
1273,07
1274,ff
1275,ff
1276,c0
1277,00
1278,00
1279,7f
127A,ff
127B,fe
127C,0f
127D,ff
127E,ff
127F,ff
1280,fc
1281,1f
1282,ff
1283,9f
1284,00
1285,78
1286,80
1287,00
1288,f0
1289,00
128A,00
128B,c3
128C,e0
128D,3f
128E,80
128F,00
1290,00
1291,00
1292,00
1293,1f
1294,ff
1295,ff
1296,80
1297,00
1298,00
1299,7e
129A,3f
129B,fe
129C,0f
129D,ff
129E,ff
129F,ff
12A0,f8
12A1,3f
12A2,ff
12A3,9f
12A4,00
12A5,78
12A6,c0
12A7,01
12A8,e0
12A9,00
12AA,00
12AB,03
12AC,f0
12AD,1f
12AE,c0
12AF,00
12B0,00
12B1,00
12B2,00
12B3,3f
12B4,ff
12B5,ff
12B6,00
12B7,60
12B8,00
12B9,00
12BA,7f
12BB,fe
12BC,0f
12BD,ff
12BE,ff
12BF,ff
12C0,f8
12C1,3f
12C2,ff
12C3,9f
12C4,00
12C5,78
12C6,f8
12C7,03
12C8,c0
12C9,00
12CA,00
12CB,03
12CC,e0
12CD,03
12CE,c0
12CF,00
12D0,00
12D1,00
12D2,00
12D3,7f
12D4,c0
12D5,00
12D6,00
12D7,f0
12D8,00
12D9,01
12DA,ff
12DB,fc
12DC,0f
12DD,ff
12DE,ff
12DF,ff
12E0,f8
12E1,3f
12E2,ff
12E3,9f
12E4,00
12E5,78
12E6,fe
12E7,03
12E8,80
12E9,00
12EA,00
12EB,01
12EC,00
12ED,00
12EE,20
12EF,1e
12F0,00
12F1,00
12F2,00
12F3,ff
12F4,c0
12F5,00
12F6,00
12F7,38
12F8,00
12F9,07
12FA,ff
12FB,e0
12FC,0f
12FD,ff
12FE,ff
12FF,ff
1300,f0
1301,7f
1302,ff
1303,9f
1304,00
1305,78
1306,ff
1307,01
1308,00
1309,00
130A,00
130B,00
130C,00
130D,00
130E,00
130F,00
1310,00
1311,00
1312,00
1313,ff
1314,c0
1315,00
1316,00
1317,1c
1318,00
1319,1f
131A,ff
131B,80
131C,0f
131D,ff
131E,ff
131F,ff
1320,f0
1321,7f
1322,ff
1323,9f
1324,00
1325,78
1326,ff
1327,80
1328,00
1329,00
132A,00
132B,00
132C,00
132D,00
132E,00
132F,00
1330,00
1331,00
1332,01
1333,ff
1334,c0
1335,00
1336,00
1337,1e
1338,06
1339,1f
133A,fe
133B,00
133C,0f
133D,ff
133E,ff
133F,ff
1340,f0
1341,7f
1342,ff
1343,9f
1344,00
1345,78
1346,ff
1347,80
1348,00
1349,00
134A,00
134B,00
134C,00
134D,00
134E,00
134F,00
1350,00
1351,00
1352,01
1353,ff
1354,c0
1355,00
1356,00
1357,1f
1358,07
1359,0f
135A,f8
135B,00
135C,0f
135D,ff
135E,ff
135F,ff
1360,e0
1361,7f
1362,ff
1363,9f
1364,00
1365,78
1366,ff
1367,c0
1368,00
1369,00
136A,00
136B,00
136C,00
136D,00
136E,00
136F,00
1370,00
1371,00
1372,03
1373,ff
1374,c0
1375,7f
1376,fe
1377,1f
1378,83
1379,00
137A,00
137B,00
137C,3f
137D,ff
137E,ff
137F,ff
1380,e0
1381,7f
1382,ff
1383,9f
1384,00
1385,78
1386,ff
1387,e0
1388,00
1389,00
138A,00
138B,00
138C,00
138D,00
138E,00
138F,00
1390,00
1391,00
1392,07
1393,ff
1394,c0
1395,07
1396,fe
1397,1f
1398,c1
1399,80
139A,00
139B,00
139C,ff
139D,ff
139E,ff
139F,ff
13A0,e0
13A1,ff
13A2,ff
13A3,9f
13A4,00
13A5,78
13A6,ff
13A7,e0
13A8,00
13A9,00
13AA,00
13AB,00
13AC,00
13AD,00
13AE,00
13AF,00
13B0,00
13B1,00
13B2,0f
13B3,ff
13B4,00
13B5,03
13B6,e2
13B7,1f
13B8,e0
13B9,c0
13BA,00
13BB,00
13BC,ff
13BD,ff
13BE,ff
13BF,ff
13C0,e0
13C1,ff
13C2,ff
13C3,9f
13C4,00
13C5,78
13C6,fb
13C7,f0
13C8,00
13C9,00
13CA,00
13CB,00
13CC,00
13CD,00
13CE,00
13CF,00
13D0,00
13D1,00
13D2,3f
13D3,e0
13D4,00
13D5,01
13D6,c2
13D7,1c
13D8,30
13D9,60
13DA,00
13DB,00
13DC,ff
13DD,ff
13DE,ff
13DF,ff
13E0,e0
13E1,f8
13E2,00
13E3,0e
13E4,00
13E5,38
13E6,f0
13E7,10
13E8,00
13E9,00
13EA,00
13EB,00
13EC,00
13ED,00
13EE,00
13EF,00
13F0,00
13F1,00
13F2,fe
13F3,00
13F4,00
13F5,01
13F6,c2
13F7,1c
13F8,38
13F9,30
13FA,00
13FB,38
13FC,ff
13FD,ff
13FE,ff
13FF,ff
1400,e0
1401,00
1402,00
1403,00
1404,00
1405,00
1406,00
1407,00
1408,00
1409,00
140A,00
140B,00
140C,00
140D,00
140E,00
140F,00
1410,00
1411,03
1412,fe
1413,00
1414,00
1415,f0
1416,c2
1417,1e
1418,38
1419,78
141A,00
141B,78
141C,7f
141D,ff
141E,ff
141F,ff
1420,e0
1421,00
1422,00
1423,00
1424,00
1425,00
1426,00
1427,00
1428,00
1429,00
142A,00
142B,00
142C,00
142D,00
142E,00
142F,00
1430,00
1431,07
1432,fe
1433,00
1434,1f
1435,f0
1436,e2
1437,1e
1438,70
1439,fc
143A,00
143B,78
143C,7f
143D,ff
143E,ff
143F,ff
1440,e0
1441,00
1442,00
1443,00
1444,00
1445,00
1446,00
1447,00
1448,00
1449,00
144A,00
144B,00
144C,00
144D,00
144E,00
144F,00
1450,00
1451,1f
1452,fe
1453,03
1454,ff
1455,f8
1456,72
1457,1e
1458,70
1459,f0
145A,00
145B,40
145C,7f
145D,ff
145E,ff
145F,ff
1460,c0
1461,00
1462,07
1463,ff
1464,c3
1465,ff
1466,f0
1467,00
1468,00
1469,00
146A,00
146B,00
146C,00
146D,00
146E,00
146F,00
1470,00
1471,7f
1472,fe
1473,0f
1474,fe
1475,08
1476,72
1477,1e
1478,e1
1479,f0
147A,00
147B,00
147C,7f
147D,ff
147E,ff
147F,ff
1480,00
1481,0f
1482,ff
1483,ff
1484,e3
1485,ff
1486,ff
1487,f0
1488,00
1489,00
148A,00
148B,00
148C,00
148D,00
148E,00
148F,00
1490,00
1491,ff
1492,fe
1493,0f
1494,f8
1495,1c
1496,3e
1497,1e
1498,c3
1499,f0
149A,00
149B,00
149C,3f
149D,ff
149E,ff
149F,ff
14A0,01
14A1,ff
14A2,00
14A3,00
14A4,62
14A5,00
14A6,00
14A7,ff
14A8,80
14A9,00
14AA,00
14AB,00
14AC,00
14AD,00
14AE,00
14AF,00
14B0,03
14B1,ff
14B2,fe
14B3,07
14B4,f8
14B5,1c
14B6,3e
14B7,1f
14B8,c3
14B9,e0
14BA,00
14BB,00
14BC,3f
14BD,ff
14BE,ff
14BF,ff
14C0,0f
14C1,c0
14C2,00
14C3,00
14C4,63
14C5,00
14C6,00
14C7,03
14C8,f0
14C9,00
14CA,00
14CB,00
14CC,00
14CD,00
14CE,07
14CF,ff
14D0,ff
14D1,ff
14D2,fe
14D3,03
14D4,fc
14D5,1e
14D6,3e
14D7,03
14D8,87
14D9,c0
14DA,00
14DB,00
14DC,3f
14DD,ff
14DE,ff
14DF,ff
14E0,3c
14E1,00
14E2,00
14E3,00
14E4,63
14E5,00
14E6,00
14E7,00
14E8,10
14E9,00
14EA,00
14EB,00
14EC,00
14ED,00
14EE,1f
14EF,ff
14F0,9f
14F1,ff
14F2,fe
14F3,01
14F4,fe
14F5,1e
14F6,1e
14F7,00
14F8,01
14F9,00
14FA,00
14FB,00
14FC,3f
14FD,ff
14FE,ff
14FF,ff
1500,38
1501,00
1502,00
1503,00
1504,63
1505,00
1506,00
1507,00
1508,10
1509,00
150A,00
150B,00
150C,00
150D,00
150E,ff
150F,f8
1510,01
1511,ff
1512,fe
1513,00
1514,ff
1515,1e
1516,00
1517,00
1518,00
1519,00
151A,00
151B,00
151C,3f
151D,ff
151E,ff
151F,ff
1520,1e
1521,00
1522,00
1523,00
1524,63
1525,00
1526,00
1527,00
1528,30
1529,00
152A,00
152B,00
152C,00
152D,03
152E,ff
152F,c0
1530,00
1531,0f
1532,fe
1533,00
1534,7f
1535,9e
1536,00
1537,00
1538,00
1539,00
153A,00
153B,00
153C,1f
153D,ff
153E,ff
153F,ff
1540,1e
1541,00
1542,00
1543,00
1544,63
1545,00
1546,00
1547,00
1548,78
1549,00
154A,00
154B,00
154C,00
154D,1f
154E,fe
154F,00
1550,00
1551,00
1552,fe
1553,00
1554,7f
1555,de
1556,00
1557,00
1558,00
1559,00
155A,00
155B,00
155C,1f
155D,ff
155E,ff
155F,ff
1560,1e
1561,00
1562,00
1563,00
1564,63
1565,00
1566,00
1567,00
1568,78
1569,00
156A,00
156B,00
156C,00
156D,7f
156E,f0
156F,03
1570,f8
1571,00
1572,0e
1573,00
1574,3f
1575,fe
1576,00
1577,00
1578,00
1579,00
157A,00
157B,60
157C,1f
157D,ff
157E,ff
157F,ff
1580,1e
1581,00
1582,00
1583,00
1584,63
1585,00
1586,00
1587,00
1588,78
1589,00
158A,00
158B,00
158C,01
158D,ff
158E,80
158F,1f
1590,ff
1591,80
1592,0e
1593,00
1594,1f
1595,fe
1596,00
1597,00
1598,70
1599,10
159A,00
159B,e0
159C,3f
159D,ff
159E,ff
159F,ff
15A0,1e
15A1,00
15A2,00
15A3,00
15A4,63
15A5,00
15A6,00
15A7,00
15A8,78
15A9,00
15AA,00
15AB,00
15AC,0f
15AD,fc
15AE,01
15AF,ff
15B0,ff
15B1,f8
15B2,0e
15B3,00
15B4,0f
15B5,f0
15B6,00
15B7,00
15B8,f8
15B9,30
15BA,00
15BB,c0
15BC,7f
15BD,ff
15BE,ff
15BF,ff
15C0,1f
15C1,00
15C2,00
15C3,00
15C4,63
15C5,00
15C6,00
15C7,00
15C8,78
15C9,00
15CA,00
15CB,00
15CC,3f
15CD,e0
15CE,1f
15CF,ff
15D0,ff
15D1,f8
15D2,06
15D3,00
15D4,07
15D5,00
15D6,00
15D7,00
15D8,fe
15D9,78
15DA,00
15DB,c0
15DC,ff
15DD,ff
15DE,ff
15DF,ff
15E0,1f
15E1,00
15E2,00
15E3,00
15E4,63
15E5,00
15E6,00
15E7,00
15E8,78
15E9,00
15EA,00
15EB,00
15EC,ff
15ED,ff
15EE,ff
15EF,ff
15F0,ff
15F1,00
15F2,07
15F3,00
15F4,00
15F5,00
15F6,3e
15F7,07
15F8,ff
15F9,f8
15FA,00
15FB,81
15FC,ff
15FD,ff
15FE,ff
15FF,ff
1600,0f
1601,00
1602,00
1603,00
1604,63
1605,00
1606,00
1607,00
1608,78
1609,00
160A,00
160B,01
160C,ff
160D,ff
160E,ff
160F,ff
1610,e0
1611,00
1612,03
1613,80
1614,00
1615,00
1616,3f
1617,07
1618,ff
1619,f8
161A,00
161B,01
161C,ff
161D,ff
161E,ff
161F,ff
1620,0f
1621,00
1622,00
1623,00
1624,63
1625,00
1626,00
1627,00
1628,78
1629,00
162A,00
162B,01
162C,ff
162D,ff
162E,ff
162F,ff
1630,00
1631,00
1632,00
1633,00
1634,00
1635,00
1636,7f
1637,07
1638,ff
1639,f8
163A,00
163B,03
163C,ff
163D,ff
163E,ff
163F,ff
1640,0f
1641,00
1642,00
1643,00
1644,63
1645,00
1646,00
1647,00
1648,78
1649,00
164A,00
164B,03
164C,ff
164D,ff
164E,ff
164F,fc
1650,00
1651,00
1652,00
1653,04
1654,00
1655,01
1656,ff
1657,87
1658,ff
1659,f8
165A,00
165B,07
165C,ff
165D,ff
165E,ff
165F,ff
1660,8f
1661,00
1662,00
1663,00
1664,63
1665,00
1666,00
1667,00
1668,f0
1669,00
166A,00
166B,03
166C,ff
166D,ff
166E,ff
166F,f8
1670,00
1671,3f
1672,e0
1673,06
1674,00
1675,03
1676,ff
1677,83
1678,ff
1679,f8
167A,00
167B,0f
167C,ff
167D,ff
167E,ff
167F,ff
1680,8f
1681,00
1682,00
1683,00
1684,63
1685,00
1686,00
1687,00
1688,f0
1689,00
168A,00
168B,07
168C,ff
168D,ff
168E,ff
168F,f0
1690,1f
1691,fe
1692,00
1693,07
1694,00
1695,0f
1696,ff
1697,83
1698,ff
1699,f8
169A,00
169B,0f
169C,ff
169D,ff
169E,ff
169F,ff
16A0,8f
16A1,00
16A2,00
16A3,00
16A4,63
16A5,00
16A6,00
16A7,00
16A8,f0
16A9,80
16AA,00
16AB,07
16AC,ff
16AD,ff
16AE,ff
16AF,c0
16B0,7f
16B1,80
16B2,00
16B3,03
16B4,c0
16B5,3f
16B6,ff
16B7,c3
16B8,ff
16B9,f8
16BA,00
16BB,1f
16BC,ff
16BD,ff
16BE,ff
16BF,ff
16C0,8f
16C1,00
16C2,00
16C3,00
16C4,63
16C5,00
16C6,00
16C7,00
16C8,f1
16C9,80
16CA,00
16CB,03
16CC,ff
16CD,c0
16CE,03
16CF,80
16D0,fc
16D1,00
16D2,00
16D3,01
16D4,f0
16D5,7f
16D6,ff
16D7,c3
16D8,ff
16D9,f0
16DA,00
16DB,3f
16DC,ff
16DD,ff
16DE,ff
16DF,ff
16E0,87
16E1,00
16E2,00
16E3,00
16E4,63
16E5,00
16E6,00
16E7,00
16E8,f1
16E9,80
16EA,00
16EB,01
16EC,ff
16ED,fc
16EE,00
16EF,03
16F0,f8
16F1,00
16F2,3f
16F3,e0
16F4,7f
16F5,ff
16F6,ff
16F7,c3
16F8,ff
16F9,f0
16FA,00
16FB,7f
16FC,ff
16FD,ff
16FE,ff
16FF,ff
1700,87
1701,00
1702,00
1703,00
1704,63
1705,00
1706,00
1707,00
1708,f1
1709,80
170A,00
170B,00
170C,ff
170D,ff
170E,c0
170F,0f
1710,f0
1711,0f
1712,ff
1713,f8
1714,3f
1715,ff
1716,ff
1717,e3
1718,ff
1719,e0
171A,00
171B,ff
171C,ff
171D,ff
171E,ff
171F,ff
1720,87
1721,00
1722,00
1723,00
1724,63
1725,00
1726,00
1727,00
1728,f1
1729,80
172A,00
172B,00
172C,7f
172D,ff
172E,f8
172F,1f
1730,e0
1731,ff
1732,ff
1733,f8
1734,1f
1735,ff
1736,ff
1737,e1
1738,ff
1739,c0
173A,00
173B,ff
173C,ff
173D,ff
173E,ff
173F,ff
1740,c7
1741,80
1742,00
1743,00
1744,63
1745,00
1746,00
1747,00
1748,e1
1749,80
174A,00
174B,00
174C,01
174D,ff
174E,ff
174F,ff
1750,c7
1751,ff
1752,00
1753,00
1754,0f
1755,ff
1756,ff
1757,e1
1758,ff
1759,c0
175A,01
175B,ff
175C,ff
175D,ff
175E,ff
175F,ff
1760,c3
1761,80
1762,00
1763,00
1764,63
1765,00
1766,00
1767,00
1768,c1
1769,80
176A,00
176B,00
176C,00
176D,01
176E,ff
176F,ff
1770,9f
1771,fe
1772,00
1773,00
1774,07
1775,ff
1776,ff
1777,e1
1778,ff
1779,c0
177A,03
177B,ff
177C,ff
177D,ff
177E,ff
177F,ff
1780,c0
1781,00
1782,00
1783,00
1784,63
1785,00
1786,00
1787,00
1788,01
1789,80
178A,00
178B,00
178C,00
178D,00
178E,0f
178F,ff
1790,7f
1791,fc
1792,00
1793,00
1794,03
1795,ff
1796,ff
1797,f1
1798,ff
1799,c0
179A,07
179B,ff
179C,ff
179D,ff
179E,ff
179F,ff
17A0,c0
17A1,00
17A2,00
17A3,00
17A4,63
17A5,00
17A6,00
17A7,00
17A8,03
17A9,80
17AA,00
17AB,00
17AC,00
17AD,00
17AE,01
17AF,ff
17B0,ff
17B1,f8
17B2,00
17B3,1f
17B4,c3
17B5,ff
17B6,ff
17B7,e1
17B8,ff
17B9,c0
17BA,0f
17BB,ff
17BC,ff
17BD,ff
17BE,ff
17BF,ff
17C0,c0
17C1,00
17C2,00
17C3,07
17C4,e3
17C5,f0
17C6,00
17C7,00
17C8,03
17C9,00
17CA,00
17CB,00
17CC,00
17CD,00
17CE,00
17CF,7f
17D0,ff
17D1,f0
17D2,3f
17D3,ff
17D4,e1
17D5,ff
17D6,ff
17D7,e1
17D8,ff
17D9,c0
17DA,0f
17DB,ff
17DC,ff
17DD,ff
17DE,ff
17DF,ff
17E0,c0
17E1,00
17E2,01
17E3,ff
17E4,e3
17E5,ff
17E6,c0
17E7,00
17E8,03
17E9,00
17EA,00
17EB,00
17EC,00
17ED,00
17EE,00
17EF,0f
17F0,ff
17F1,e0
17F2,7f
17F3,ff
17F4,e1
17F5,ff
17F6,ff
17F7,e3
17F8,ff
17F9,c0
17FA,1f
17FB,ff
17FC,ff
17FD,ff
17FE,ff
17FF,ff
1800,c3
1801,80
1802,01
1803,ff
1804,e3
1805,ff
1806,80
1807,00
1808,e3
1809,00
180A,00
180B,00
180C,00
180D,00
180E,00
180F,01
1810,ff
1811,c0
1812,ff
1813,ff
1814,e0
1815,ff
1816,ff
1817,c3
1818,ff
1819,c0
181A,3f
181B,ff
181C,ff
181D,ff
181E,ff
181F,ff
1820,e3
1821,f0
1822,00
1823,00
1824,00
1825,00
1826,00
1827,07
1828,c3
1829,00
182A,00
182B,00
182C,00
182D,00
182E,00
182F,00
1830,7f
1831,81
1832,ff
1833,ff
1834,f0
1835,ff
1836,ff
1837,c7
1838,ff
1839,c0
183A,00
183B,00
183C,00
183D,01
183E,ff
183F,ff
1840,e3
1841,fe
1842,00
1843,00
1844,00
1845,00
1846,00
1847,7f
1848,c3
1849,00
184A,00
184B,00
184C,00
184D,00
184E,00
184F,00
1850,0f
1851,03
1852,ff
1853,ff
1854,f0
1855,7f
1856,ff
1857,c7
1858,ff
1859,c0
185A,00
185B,00
185C,00
185D,00
185E,7f
185F,ff
1860,e3
1861,ff
1862,f0
1863,00
1864,00
1865,00
1866,0f
1867,ff
1868,c3
1869,00
186A,00
186B,00
186C,00
186D,00
186E,00
186F,00
1870,00
1871,07
1872,ff
1873,ff
1874,f8
1875,7f
1876,ff
1877,8f
1878,ff
1879,c0
187A,00
187B,00
187C,00
187D,00
187E,3f
187F,ff
1880,e1
1881,ff
1882,ff
1883,fc
1884,00
1885,1f
1886,ff
1887,ff
1888,87
1889,00
188A,00
188B,00
188C,00
188D,00
188E,00
188F,00
1890,00
1891,0f
1892,ff
1893,80
1894,00
1895,3f
1896,ff
1897,8f
1898,ff
1899,c0
189A,00
189B,00
189C,00
189D,00
189E,1f
189F,ff
18A0,e0
18A1,ff
18A2,ff
18A3,ff
18A4,e3
18A5,ff
18A6,ff
18A7,ff
18A8,07
18A9,80
18AA,00
18AB,00
18AC,00
18AD,00
18AE,00
18AF,00
18B0,00
18B1,1f
18B2,ff
18B3,00
18B4,00
18B5,3f
18B6,ff
18B7,8f
18B8,ff
18B9,c0
18BA,00
18BB,00
18BC,00
18BD,00
18BE,0f
18BF,ff
18C0,e0
18C1,3f
18C2,ff
18C3,ff
18C4,e3
18C5,ff
18C6,ff
18C7,f8
18C8,0f
18C9,e0
18CA,00
18CB,00
18CC,00
18CD,00
18CE,00
18CF,00
18D0,00
18D1,3f
18D2,fe
18D3,00
18D4,00
18D5,1f
18D6,ff
18D7,1f
18D8,ff
18D9,c0
18DA,00
18DB,00
18DC,00
18DD,02
18DE,0f
18DF,ff
18E0,f8
18E1,07
18E2,ff
18E3,ff
18E4,e3
18E5,ff
18E6,ff
18E7,e0
18E8,1f
18E9,f8
18EA,00
18EB,00
18EC,00
18ED,00
18EE,00
18EF,00
18F0,00
18F1,7f
18F2,f8
18F3,00
18F4,00
18F5,1f
18F6,ff
18F7,1f
18F8,ff
18F9,e0
18FA,00
18FB,00
18FC,00
18FD,07
18FE,87
18FF,ff
1900,fc
1901,00
1902,ff
1903,ff
1904,e3
1905,ff
1906,fe
1907,00
1908,7f
1909,fe
190A,00
190B,00
190C,f8
190D,00
190E,00
190F,00
1910,00
1911,ff
1912,f0
1913,00
1914,00
1915,0f
1916,ff
1917,9f
1918,ff
1919,e0
191A,00
191B,00
191C,00
191D,01
191E,c3
191F,ff
1920,ff
1921,00
1922,07
1923,ff
1924,e3
1925,ff
1926,c0
1927,01
1928,ff
1929,ff
192A,80
192B,00
192C,7f
192D,fe
192E,00
192F,00
1930,00
1931,ff
1932,e0
1933,00
1934,00
1935,0f
1936,ff
1937,9f
1938,ff
1939,e0
193A,03
193B,ff
193C,ff
193D,c0
193E,e1
193F,ff
1940,ff
1941,e0
1942,00
1943,01
1944,c3
1945,00
1946,00
1947,0f
1948,ff
1949,ff
194A,e0
194B,00
194C,1f
194D,ff
194E,80
194F,00
1950,00
1951,ff
1952,c0
1953,00
1954,00
1955,07
1956,ff
1957,8f
1958,ff
1959,e0
195A,07
195B,ff
195C,ff
195D,f0
195E,70
195F,ff
1960,ff
1961,fc
1962,00
1963,00
1964,00
1965,00
1966,00
1967,7f
1968,ff
1969,ff
196A,f8
196B,00
196C,00
196D,7f
196E,f0
196F,00
1970,00
1971,ff
1972,80
1973,00
1974,00
1975,07
1976,ff
1977,cf
1978,ff
1979,e0
197A,0f
197B,ff
197C,ff
197D,f8
197E,38
197F,7f
1980,ff
1981,ff
1982,e0
1983,00
1984,00
1985,00
1986,07
1987,ff
1988,ff
1989,ff
198A,fe
198B,00
198C,00
198D,00
198E,00
198F,00
1990,00
1991,fe
1992,00
1993,00
1994,00
1995,03
1996,ff
1997,cf
1998,ff
1999,e0
199A,1f
199B,fe
199C,00
199D,7c
199E,0c
199F,3f
19A0,ff
19A1,ff
19A2,ff
19A3,80
19A4,00
19A5,03
19A6,ff
19A7,ff
19A8,ff
19A9,ff
19AA,ff
19AB,80
19AC,00
19AD,00
19AE,00
19AF,00
19B0,00
19B1,fc
19B2,00
19B3,00
19B4,00
19B5,03
19B6,ff
19B7,cf
19B8,ff
19B9,e0
19BA,7c
19BB,00
19BC,00
19BD,3c
19BE,06
19BF,1f
19C0,ff
19C1,ff
19C2,ff
19C3,ff
19C4,ff
19C5,ff
19C6,ff
19C7,ff
19C8,ff
19C9,ff
19CA,ff
19CB,c0
19CC,00
19CD,00
19CE,00
19CF,00
19D0,00
19D1,fc
19D2,00
19D3,00
19D4,00
19D5,03
19D6,ff
19D7,ef
19D8,ff
19D9,e0
19DA,ff
19DB,f8
19DC,00
19DD,1e
19DE,03
19DF,0f
19E0,ff
19E1,ff
19E2,ff
19E3,ff
19E4,ff
19E5,ff
19E6,ff
19E7,ff
19E8,ff
19E9,ff
19EA,ff
19EB,f0
19EC,00
19ED,00
19EE,00
19EF,00
19F0,00
19F1,fc
19F2,00
19F3,00
19F4,00
19F5,01
19F6,ff
19F7,ef
19F8,ff
19F9,e1
19FA,ff
19FB,ff
19FC,f8
19FD,0f
19FE,01
19FF,87
1A00,ff
1A01,ff
1A02,ff
1A03,ff
1A04,ff
1A05,ff
1A06,ff
1A07,ff
1A08,ff
1A09,ff
1A0A,ff
1A0B,ff
1A0C,80
1A0D,00
1A0E,00
1A0F,00
1A10,00
1A11,f8
1A12,00
1A13,00
1A14,00
1A15,01
1A16,ff
1A17,ef
1A18,ff
1A19,e1
1A1A,ff
1A1B,ff
1A1C,fc
1A1D,0f
1A1E,80
1A1F,03
1A20,ff
1A21,ff
1A22,ff
1A23,ff
1A24,ff
1A25,ff
1A26,ff
1A27,ff
1A28,ff
1A29,ff
1A2A,ff
1A2B,ff
1A2C,fc
1A2D,00
1A2E,00
1A2F,00
1A30,00
1A31,f8
1A32,00
1A33,00
1A34,00
1A35,00
1A36,ff
1A37,ff
1A38,ff
1A39,e1
1A3A,ff
1A3B,fe
1A3C,7e
1A3D,07
1A3E,c0
1A3F,01
1A40,ff
1A41,ff
1A42,ff
1A43,ff
1A44,ff
1A45,ff
1A46,ff
1A47,ff
1A48,ff
1A49,ff
1A4A,ff
1A4B,ff
1A4C,ff
1A4D,f0
1A4E,00
1A4F,00
1A50,00
1A51,f8
1A52,00
1A53,00
1A54,00
1A55,00
1A56,ff
1A57,ff
1A58,ff
1A59,e1
1A5A,c0
1A5B,00
1A5C,3f
1A5D,03
1A5E,e0
1A5F,00
1A60,ff
1A61,ff
1A62,ff
1A63,ff
1A64,ff
1A65,ff
1A66,ff
1A67,ff
1A68,ff
1A69,ff
1A6A,ff
1A6B,ff
1A6C,ff
1A6D,ff
1A6E,80
1A6F,00
1A70,00
1A71,f8
1A72,00
1A73,00
1A74,00
1A75,00
1A76,ff
1A77,ff
1A78,ff
1A79,e1
1A7A,fe
1A7B,00
1A7C,1f
1A7D,81
1A7E,f0
1A7F,00
1A80,ff
1A81,ff
1A82,ff
1A83,ff
1A84,ff
1A85,ff
1A86,ff
1A87,ff
1A88,ff
1A89,ff
1A8A,ff
1A8B,ff
1A8C,ff
1A8D,ff
1A8E,fc
1A8F,00
1A90,00
1A91,f8
1A92,00
1A93,00
1A94,00
1A95,00
1A96,ff
1A97,ff
1A98,ff
1A99,e1
1A9A,ff
1A9B,f8
1A9C,1f
1A9D,80
1A9E,f8
1A9F,00
1AA0,ff
1AA1,ff
1AA2,ff
1AA3,ff
1AA4,ff
1AA5,ff
1AA6,ff
1AA7,ff
1AA8,ff
1AA9,ff
1AAA,ff
1AAB,ff
1AAC,ff
1AAD,ff
1AAE,ff
1AAF,e0
1AB0,00
1AB1,f0
1AB2,00
1AB3,00
1AB4,00
1AB5,00
1AB6,ff
1AB7,ff
1AB8,ff
1AB9,e1
1ABA,ff
1ABB,fc
1ABC,0f
1ABD,c0
1ABE,7c
1ABF,00
1AC0,ff
1AC1,ff
1AC2,ff
1AC3,ff
1AC4,ff
1AC5,ff
1AC6,ff
1AC7,ff
1AC8,ff
1AC9,ff
1ACA,ff
1ACB,ff
1ACC,ff
1ACD,ff
1ACE,ff
1ACF,ff
1AD0,80
1AD1,f0
1AD2,18
1AD3,00
1AD4,00
1AD5,00
1AD6,ff
1AD7,ff
1AD8,ff
1AD9,c1
1ADA,ff
1ADB,fe
1ADC,07
1ADD,e0
1ADE,3c
1ADF,01
1AE0,ff
1AE1,ff
1AE2,ff
1AE3,ff
1AE4,ff
1AE5,ff
1AE6,ff
1AE7,ff
1AE8,ff
1AE9,ff
1AEA,ff
1AEB,ff
1AEC,ff
1AED,ff
1AEE,ff
1AEF,ff
1AF0,80
1AF1,70
1AF2,1c
1AF3,00
1AF4,00
1AF5,00
1AF6,ff
1AF7,ff
1AF8,ff
1AF9,c1
1AFA,ff
1AFB,ff
1AFC,03
1AFD,f0
1AFE,1c
1AFF,01
1B00,ff
1B01,ff
1B02,ff
1B03,ff
1B04,ff
1B05,ff
1B06,ff
1B07,ff
1B08,ff
1B09,ff
1B0A,ff
1B0B,ff
1B0C,ff
1B0D,ff
1B0E,ff
1B0F,ff
1B10,80
1B11,30
1B12,1c
1B13,00
1B14,00
1B15,00
1B16,7f
1B17,ff
1B18,ff
1B19,c1
1B1A,ff
1B1B,ff
1B1C,81
1B1D,f8
1B1E,1c
1B1F,03
1B20,ff
1B21,ff
1B22,ff
1B23,ff
1B24,ff
1B25,ff
1B26,ff
1B27,ff
1B28,ff
1B29,ff
1B2A,ff
1B2B,ff
1B2C,ff
1B2D,ff
1B2E,ff
1B2F,ff
1B30,80
1B31,00
1B32,18
1B33,00
1B34,00
1B35,00
1B36,7f
1B37,ff
1B38,ff
1B39,c1
1B3A,ff
1B3B,ff
1B3C,81
1B3D,f8
1B3E,18
1B3F,03
1B40,ff
1B41,ff
1B42,ff
1B43,ff
1B44,ff
1B45,ff
1B46,ff
1B47,ff
1B48,ff
1B49,ff
1B4A,ff
1B4B,ff
1B4C,ff
1B4D,ff
1B4E,ff
1B4F,ff
1B50,80
1B51,00
1B52,18
1B53,06
1B54,00
1B55,00
1B56,7f
1B57,ff
1B58,ff
1B59,c1
1B5A,ff
1B5B,ff
1B5C,c0
1B5D,fc
1B5E,18
1B5F,07
1B60,ff
1B61,ff
1B62,ff
1B63,ff
1B64,ff
1B65,ff
1B66,ff
1B67,ff
1B68,ff
1B69,ff
1B6A,ff
1B6B,ff
1B6C,ff
1B6D,ff
1B6E,ff
1B6F,ff
1B70,c0
1B71,00
1B72,18
1B73,07
1B74,00
1B75,00
1B76,7f
1B77,ff
1B78,ff
1B79,c0
1B7A,7f
1B7B,ff
1B7C,c0
1B7D,78
1B7E,18
1B7F,07
1B80,ff
1B81,ff
1B82,ff
1B83,ff
1B84,ff
1B85,ff
1B86,ff
1B87,ff
1B88,ff
1B89,ff
1B8A,ff
1B8B,ff
1B8C,ff
1B8D,ff
1B8E,ff
1B8F,ff
1B90,f0
1B91,00
1B92,18
1B93,07
1B94,00
1B95,00
1B96,7f
1B97,ff
1B98,ff
1B99,c0
1B9A,1f
1B9B,ff
1B9C,80
1B9D,78
1B9E,10
1B9F,0f
1BA0,ff
1BA1,ff
1BA2,ff
1BA3,ff
1BA4,ff
1BA5,ff
1BA6,ff
1BA7,ff
1BA8,ff
1BA9,ff
1BAA,ff
1BAB,ff
1BAC,ff
1BAD,ff
1BAE,ff
1BAF,ff
1BB0,fc
1BB1,00
1BB2,10
1BB3,07
1BB4,00
1BB5,c0
1BB6,7f
1BB7,ff
1BB8,ff
1BB9,c0
1BBA,0f
1BBB,ff
1BBC,80
1BBD,70
1BBE,10
1BBF,0f
1BC0,ff
1BC1,ff
1BC2,ff
1BC3,ff
1BC4,ff
1BC5,ff
1BC6,ff
1BC7,ff
1BC8,ff
1BC9,ff
1BCA,ff
1BCB,ff
1BCC,ff
1BCD,ff
1BCE,ff
1BCF,ff
1BD0,ff
1BD1,00
1BD2,10
1BD3,07
1BD4,01
1BD5,c0
1BD6,7f
1BD7,ff
1BD8,ff
1BD9,c0
1BDA,0f
1BDB,ff
1BDC,80
1BDD,70
1BDE,01
1BDF,3f
1BE0,ff
1BE1,ff
1BE2,ff
1BE3,ff
1BE4,ff
1BE5,ff
1BE6,ff
1BE7,ff
1BE8,ff
1BE9,ff
1BEA,ff
1BEB,ff
1BEC,ff
1BED,ff
1BEE,ff
1BEF,ff
1BF0,ff
1BF1,80
1BF2,00
1BF3,00
1BF4,01
1BF5,c0
1BF6,7f
1BF7,ff
1BF8,ff
1BF9,c0
1BFA,0f
1BFB,ff
1BFC,00
1BFD,70
1BFE,03
1BFF,3f
1C00,ff
1C01,ff
1C02,ff
1C03,ff
1C04,ff
1C05,ff
1C06,ff
1C07,ff
1C08,ff
1C09,ff
1C0A,ff
1C0B,ff
1C0C,ff
1C0D,ff
1C0E,ff
1C0F,ff
1C10,ff
1C11,e0
1C12,00
1C13,00
1C14,01
1C15,c0
1C16,7f
1C17,ff
1C18,ff
1C19,c0
1C1A,07
1C1B,ff
1C1C,00
1C1D,00
1C1E,03
1C1F,ff
1C20,ff
1C21,ff
1C22,ff
1C23,ff
1C24,ff
1C25,ff
1C26,ff
1C27,ff
1C28,ff
1C29,ff
1C2A,ff
1C2B,ff
1C2C,ff
1C2D,ff
1C2E,ff
1C2F,ff
1C30,ff
1C31,f8
1C32,00
1C33,00
1C34,01
1C35,80
1C36,3f
1C37,ff
1C38,ff
1C39,c0
1C3A,00
1C3B,ff
1C3C,00
1C3D,00
1C3E,07
1C3F,ff
1C40,ff
1C41,ff
1C42,ff
1C43,ff
1C44,ff
1C45,ff
1C46,ff
1C47,ff
1C48,ff
1C49,ff
1C4A,ff
1C4B,ff
1C4C,ff
1C4D,ff
1C4E,ff
1C4F,ff
1C50,ff
1C51,fe
1C52,00
1C53,00
1C54,00
1C55,00
1C56,00
1C57,ff
1C58,ff
1C59,c0
1C5A,00
1C5B,1e
1C5C,00
1C5D,00
1C5E,07
1C5F,ff
1C60,ff
1C61,ff
1C62,ff
1C63,ff
1C64,ff
1C65,ff
1C66,ff
1C67,ff
1C68,ff
1C69,ff
1C6A,ff
1C6B,ff
1C6C,ff
1C6D,ff
1C6E,ff
1C6F,ff
1C70,ff
1C71,ff
1C72,80
1C73,00
1C74,00
1C75,00
1C76,0f
1C77,ff
1C78,ff
1C79,c0
1C7A,00
1C7B,00
1C7C,00
1C7D,00
1C7E,3f
1C7F,ff
1C80,ff
1C81,ff
1C82,ff
1C83,ff
1C84,ff
1C85,ff
1C86,ff
1C87,ff
1C88,ff
1C89,ff
1C8A,ff
1C8B,ff
1C8C,ff
1C8D,ff
1C8E,ff
1C8F,ff
1C90,ff
1C91,ff
1C92,c0
1C93,60
1C94,00
1C95,00
1C96,3f
1C97,ff
1C98,ff
1C99,c0
1C9A,00
1C9B,00
1C9C,00
1C9D,06
1C9E,7f
1C9F,ff
1CA0,ff
1CA1,ff
1CA2,ff
1CA3,ff
1CA4,ff
1CA5,ff
1CA6,ff
1CA7,ff
1CA8,ff
1CA9,ff
1CAA,ff
1CAB,ff
1CAC,ff
1CAD,ff
1CAE,ff
1CAF,ff
1CB0,ff
1CB1,ff
1CB2,ff
1CB3,ff
1CB4,80
1CB5,00
1CB6,1e
1CB7,0f
1CB8,ff
1CB9,c0
1CBA,00
1CBB,00
1CBC,0c
1CBD,07
1CBE,7f
1CBF,ff
1CC0,ff
1CC1,ff
1CC2,ff
1CC3,ff
1CC4,ff
1CC5,ff
1CC6,ff
1CC7,ff
1CC8,ff
1CC9,ff
1CCA,ff
1CCB,ff
1CCC,ff
1CCD,ff
1CCE,ff
1CCF,ff
1CD0,ff
1CD1,ff
1CD2,ff
1CD3,ff
1CD4,fe
1CD5,00
1CD6,00
1CD7,3f
1CD8,ff
1CD9,c0
1CDA,40
1CDB,00
1CDC,1e
1CDD,6f
1CDE,ff
1CDF,ff
1CE0,ff
1CE1,ff
1CE2,ff
1CE3,ff
1CE4,ff
1CE5,ff
1CE6,ff
1CE7,ff
1CE8,ff
1CE9,ff
1CEA,ff
1CEB,ff
1CEC,ff
1CED,ff
1CEE,ff
1CEF,ff
1CF0,ff
1CF1,ff
1CF2,ff
1CF3,ff
1CF4,ff
1CF5,80
1CF6,00
1CF7,ff
1CF8,ff
1CF9,c0
1CFA,70
1CFB,00
1CFC,1e
1CFD,ff
1CFE,ff
1CFF,ff
1D00,ff
1D01,ff
1D02,ff
1D03,ff
1D04,ff
1D05,ff
1D06,ff
1D07,ff
1D08,ff
1D09,ff
1D0A,ff
1D0B,ff
1D0C,ff
1D0D,ff
1D0E,ff
1D0F,ff
1D10,ff
1D11,ff
1D12,ff
1D13,ff
1D14,ff
1D15,c0
1D16,03
1D17,f1
1D18,ff
1D19,c0
1D1A,7e
1D1B,00
1D1C,3f
1D1D,ff
1D1E,ff
1D1F,ff
1D20,ff
1D21,ff
1D22,ff
1D23,ff
1D24,ff
1D25,ff
1D26,ff
1D27,ff
1D28,ff
1D29,ff
1D2A,ff
1D2B,ff
1D2C,ff
1D2D,ff
1D2E,ff
1D2F,ff
1D30,ff
1D31,ff
1D32,ff
1D33,ff
1D34,ff
1D35,e0
1D36,03
1D37,81
1D38,ff
1D39,c0
1D3A,7f
1D3B,80
1D3C,7f
1D3D,ff
1D3E,ff
1D3F,ff
1D40,ff
1D41,ff
1D42,ff
1D43,ff
1D44,ff
1D45,ff
1D46,ff
1D47,ff
1D48,ff
1D49,ff
1D4A,ff
1D4B,ff
1D4C,ff
1D4D,ff
1D4E,ff
1D4F,ff
1D50,ff
1D51,ff
1D52,ff
1D53,ff
1D54,ff
1D55,f0
1D56,00
1D57,03
1D58,ff
1D59,c0
1D5A,7f
1D5B,8f
1D5C,ff
1D5D,ff
1D5E,ff
1D5F,ff
1D60,ff
1D61,ff
1D62,ff
1D63,ff
1D64,ff
1D65,ff
1D66,ff
1D67,ff
1D68,ff
1D69,ff
1D6A,ff
1D6B,ff
1D6C,ff
1D6D,ff
1D6E,ff
1D6F,ff
1D70,ff
1D71,ff
1D72,ff
1D73,ff
1D74,ff
1D75,f8
1D76,00
1D77,0f
1D78,fe
1D79,00
1D7A,7f
1D7B,9f
1D7C,ff
1D7D,ff
1D7E,ff
1D7F,ff
1D80,ff
1D81,ff
1D82,ff
1D83,ff
1D84,ff
1D85,ff
1D86,ff
1D87,ff
1D88,ff
1D89,ff
1D8A,ff
1D8B,ff
1D8C,ff
1D8D,ff
1D8E,ff
1D8F,ff
1D90,ff
1D91,ff
1D92,ff
1D93,ff
1D94,ff
1D95,fc
1D96,00
1D97,1f
1D98,00
1D99,00
1D9A,7f
1D9B,ff
1D9C,ff
1D9D,ff
1D9E,ff
1D9F,ff
1DA0,ff
1DA1,ff
1DA2,ff
1DA3,ff
1DA4,ff
1DA5,ff
1DA6,ff
1DA7,ff
1DA8,ff
1DA9,ff
1DAA,ff
1DAB,ff
1DAC,ff
1DAD,ff
1DAE,ff
1DAF,ff
1DB0,ff
1DB1,ff
1DB2,ff
1DB3,ff
1DB4,ff
1DB5,fe
1DB6,00
1DB7,00
1DB8,00
1DB9,00
1DBA,7f
1DBB,ff
1DBC,ff
1DBD,ff
1DBE,ff
1DBF,ff
1DC0,ff
1DC1,ff
1DC2,ff
1DC3,ff
1DC4,ff
1DC5,ff
1DC6,ff
1DC7,ff
1DC8,ff
1DC9,ff
1DCA,ff
1DCB,ff
1DCC,ff
1DCD,ff
1DCE,ff
1DCF,ff
1DD0,ff
1DD1,ff
1DD2,ff
1DD3,ff
1DD4,ff
1DD5,fe
1DD6,00
1DD7,00
1DD8,00
1DD9,00
1DDA,7f
1DDB,ff
1DDC,ff
1DDD,ff
1DDE,ff
1DDF,ff
1DE0,ff
1DE1,ff
1DE2,ff
1DE3,ff
1DE4,ff
1DE5,ff
1DE6,ff
1DE7,ff
1DE8,ff
1DE9,ff
1DEA,ff
1DEB,ff
1DEC,ff
1DED,ff
1DEE,ff
1DEF,ff
1DF0,ff
1DF1,ff
1DF2,ff
1DF3,ff
1DF4,ff
1DF5,ff
1DF6,00
1DF7,00
1DF8,00
1DF9,00
1DFA,7d
1DFB,6f
1DFC,ff
1DFD,ff
1DFE,ff
1DFF,ff
1E00,ff
1E01,ff
1E02,ff
1E03,ff
1E04,ff
1E05,ff
1E06,ff
1E07,ff
1E08,ff
1E09,ff
1E0A,ff
1E0B,ff
1E0C,ff
1E0D,ff
1E0E,ff
1E0F,ff
1E10,ff
1E11,ff
1E12,ff
1E13,ff
1E14,ff
1E15,ff
1E16,80
1E17,00
1E18,00
1E19,00
1E1A,7f
1E1B,8f
1E1C,ff
1E1D,ff
1E1E,ff
1E1F,ff
1E20,ff
1E21,ff
1E22,ff
1E23,ff
1E24,ff
1E25,ff
1E26,ff
1E27,ff
1E28,ff
1E29,ff
1E2A,ff
1E2B,ff
1E2C,ff
1E2D,ff
1E2E,ff
1E2F,ff
1E30,ff
1E31,ff
1E32,ff
1E33,ff
1E34,ff
1E35,ff
1E36,c0
1E37,00
1E38,00
1E39,00
1E3A,3f
1E3B,9f
1E3C,ff
1E3D,ff
1E3E,ff
1E3F,ff
1E40,ff
1E41,ff
1E42,ff
1E43,ff
1E44,ff
1E45,ff
1E46,ff
1E47,ff
1E48,ff
1E49,ff
1E4A,ff
1E4B,ff
1E4C,ff
1E4D,ff
1E4E,ff
1E4F,ff
1E50,ff
1E51,ff
1E52,ff
1E53,ff
1E54,ff
1E55,ff
1E56,e0
1E57,00
1E58,00
1E59,00
1E5A,3f
1E5B,ff
1E5C,ff
1E5D,ff
1E5E,ff
1E5F,ff
1E60,ff
1E61,ff
1E62,ff
1E63,ff
1E64,ff
1E65,ff
1E66,ff
1E67,ff
1E68,ff
1E69,ff
1E6A,ff
1E6B,ff
1E6C,ff
1E6D,ff
1E6E,ff
1E6F,ff
1E70,ff
1E71,ff
1E72,ff
1E73,ff
1E74,ff
1E75,ff
1E76,f0
1E77,00
1E78,00
1E79,01
1E7A,ff
1E7B,ff
1E7C,ff
1E7D,ff
1E7E,ff
1E7F,ff
1E80,ff
1E81,ff
1E82,ff
1E83,ff
1E84,ff
1E85,ff
1E86,ff
1E87,ff
1E88,ff
1E89,ff
1E8A,ff
1E8B,ff
1E8C,ff
1E8D,ff
1E8E,ff
1E8F,ff
1E90,ff
1E91,ff
1E92,ff
1E93,ff
1E94,ff
1E95,ff
1E96,f0
1E97,00
1E98,07
1E99,ff
1E9A,ff
1E9B,ff
1E9C,ff
1E9D,ff
1E9E,ff
1E9F,ff
1EA0,ff
1EA1,ff
1EA2,ff
1EA3,ff
1EA4,ff
1EA5,ff
1EA6,ff
1EA7,ff
1EA8,ff
1EA9,ff
1EAA,ff
1EAB,ff
1EAC,ff
1EAD,ff
1EAE,ff
1EAF,ff
1EB0,ff
1EB1,ff
1EB2,ff
1EB3,ff
1EB4,ff
1EB5,ff
1EB6,f8
1EB7,1f
1EB8,ff
1EB9,ff
1EBA,ff
1EBB,ff
1EBC,ff
1EBD,ff
1EBE,ff
1EBF,ff
1EC0,ff
1EC1,ff
1EC2,ff
1EC3,ff
1EC4,ff
1EC5,ff
1EC6,ff
1EC7,ff
1EC8,ff
1EC9,ff
1ECA,ff
1ECB,ff
1ECC,ff
1ECD,ff
1ECE,ff
1ECF,ff
1ED0,ff
1ED1,ff
1ED2,ff
1ED3,ff
1ED4,ff
1ED5,ff
1ED6,ff
1ED7,ff
1ED8,ff
1ED9,ff
1EDA,ff
1EDB,ff
1EDC,ff
1EDD,ff
1EDE,ff
1EDF,ff
1EE0,ff
1EE1,ff
1EE2,ff
1EE3,ff
1EE4,ff
1EE5,ff
1EE6,ff
1EE7,ff
1EE8,ff
1EE9,ff
1EEA,ff
1EEB,ff
1EEC,ff
1EED,ff
1EEE,ff
1EEF,ff
1EF0,ff
1EF1,ff
1EF2,ff
1EF3,ff
1EF4,ff
1EF5,ff
1EF6,ff
1EF7,ff
1EF8,ff
1EF9,ff
1EFA,ff
1EFB,ff
1EFC,ff
1EFD,ff
1EFE,ff
1EFF,ff
1F00,ff
1F01,ff
1F02,ff
1F03,ff
1F04,ff
1F05,ff
1F06,ff
1F07,ff
1F08,ff
1F09,ff
1F0A,ff
1F0B,ff
1F0C,ff
1F0D,ff
1F0E,ff
1F0F,ff
1F10,ff
1F11,ff
1F12,ff
1F13,ff
1F14,ff
1F15,ff
1F16,ff
1F17,ff
1F18,ff
1F19,ff
1F1A,ff
1F1B,ff
1F1C,ff
1F1D,ff
1F1E,ff
1F1F,ff
1F20,ff
1F21,ff
1F22,ff
1F23,ff
1F24,ff
1F25,ff
1F26,ff
1F27,ff
1F28,ff
1F29,ff
1F2A,ff
1F2B,ff
1F2C,ff
1F2D,ff
1F2E,ff
1F2F,ff
1F30,ff
1F31,ff
1F32,ff
1F33,ff
1F34,ff
1F35,ff
1F36,ff
1F37,ff
1F38,ff
1F39,ff
1F3A,ff
1F3B,ff
1F3C,ff
1F3D,ff
1F3E,ff
1F3F,ff
1F40,ff
1F41,ff
1F42,ff
1F43,ff
1F44,ff
1F45,ff
1F46,ff
1F47,ff
1F48,ff
1F49,ff
1F4A,ff
1F4B,ff
1F4C,ff
1F4D,ff
1F4E,ff
1F4F,ff
1F50,ff
1F51,ff
1F52,ff
1F53,ff
1F54,ff
1F55,ff
1F56,ff
1F57,ff
1F58,ff
1F59,ff
1F5A,ff
1F5B,ff
1F5C,ff
1F5D,ff
1F5E,ff
1F5F,ff
1F60,ff
1F61,ff
1F62,ff
1F63,ff
1F64,ff
1F65,ff
1F66,ff
1F67,ff
1F68,ff
1F69,ff
1F6A,ff
1F6B,ff
1F6C,ff
1F6D,ff
1F6E,ff
1F6F,ff
1F70,ff
1F71,ff
1F72,ff
1F73,ff
1F74,ff
1F75,ff
1F76,ff
1F77,ff
1F78,ff
1F79,ff
1F7A,ff
1F7B,ff
1F7C,ff
1F7D,ff
1F7E,ff
1F7F,ff
1F80,ff
1F81,ff
1F82,ff
1F83,ff
1F84,ff
1F85,ff
1F86,ff
1F87,ff
1F88,ff
1F89,ff
1F8A,ff
1F8B,ff
1F8C,ff
1F8D,ff
1F8E,ff
1F8F,ff
1F90,ff
1F91,ff
1F92,ff
1F93,ff
1F94,ff
1F95,ff
1F96,ff
1F97,ff
1F98,ff
1F99,ff
1F9A,ff
1F9B,ff
1F9C,ff
1F9D,ff
1F9E,ff
1F9F,ff
1FA0,ff
1FA1,ff
1FA2,ff
1FA3,ff
1FA4,ff
1FA5,ff
1FA6,ff
1FA7,ff
1FA8,ff
1FA9,ff
1FAA,ff
1FAB,ff
1FAC,ff
1FAD,ff
1FAE,ff
1FAF,ff
1FB0,ff
1FB1,ff
1FB2,ff
1FB3,ff
1FB4,ff
1FB5,ff
1FB6,ff
1FB7,ff
1FB8,ff
1FB9,ff
1FBA,ff
1FBB,ff
1FBC,ff
1FBD,ff
1FBE,ff
1FBF,ff
1FC0,ff
1FC1,ff
1FC2,ff
1FC3,ff
1FC4,ff
1FC5,ff
1FC6,ff
1FC7,ff
1FC8,ff
1FC9,ff
1FCA,ff
1FCB,ff
1FCC,ff
1FCD,ff
1FCE,ff
1FCF,ff
1FD0,ff
1FD1,ff
1FD2,ff
1FD3,ff
1FD4,ff
1FD5,ff
1FD6,ff
1FD7,ff
1FD8,ff
1FD9,ff
1FDA,ff
1FDB,ff
1FDC,ff
1FDD,ff
1FDE,ff
1FDF,ff
1FE0,ff
1FE1,ff
1FE2,ff
1FE3,ff
1FE4,ff
1FE5,ff
1FE6,ff
1FE7,ff
1FE8,ff
1FE9,ff
1FEA,ff
1FEB,ff
1FEC,ff
1FED,ff
1FEE,ff
1FEF,ff
1FF0,ff
1FF1,ff
1FF2,ff
1FF3,ff
1FF4,ff
1FF5,ff
1FF6,ff
1FF7,ff
1FF8,ff
1FF9,ff
1FFA,ff
1FFB,ff
1FFC,ff
1FFD,ff
1FFE,ff
1FFF,ff
